1,2/1/2014 7:26,In
1,2/1/2014 12:02,Out
1,2/1/2014 13:00,In
1,2/1/2014 18:04,Out
1,2/2/2014 7:24,In
1,2/2/2014 11:30,In
1,2/2/2014 12:27,In
1,2/2/2014 16:03,Out
1,2/3/2014 11:30,Out
1,2/3/2014 12:30,In
1,2/3/2014 18:30,Out
1,2/3/2014 19:03,In
1,2/3/2014 22:04,Out
1,2/4/2014 7:23,In
1,2/4/2014 11:31,Out
1,2/4/2014 12:27,In
1,2/4/2014 18:31,Out
1,2/4/2014 19:02,In
1,2/4/2014 22:00,Out
1,2/5/2014 7:48,In
1,2/5/2014 11:30,In
1,2/5/2014 12:27,In
1,2/5/2014 18:31,Out
1,2/5/2014 19:02,In
1,2/5/2014 21:58,Out
1,2/6/2014 7:24,In
1,2/6/2014 11:31,Out
1,2/6/2014 12:27,In
1,2/6/2014 18:30,Out
1,2/6/2014 19:03,In
1,2/7/2014 11:32,Out
1,2/7/2014 12:29,In
1,2/7/2014 18:30,Out
1,2/7/2014 19:04,In
1,2/7/2014 22:04,Out
1,2/8/2014 7:26,In
1,2/8/2014 11:32,Out
1,2/8/2014 12:30,In
1,2/8/2014 18:07,Out
1,2/9/2014 8:54,In
1,2/9/2014 11:32,Out
1,2/9/2014 12:28,In
1,2/9/2014 16:03,Out
1,2/10/2014 11:31,Out
1,2/10/2014 12:31,In
1,2/10/2014 18:31,Out
1,2/10/2014 19:03,In
1,2/10/2014 22:00,Out
1,2/11/2014 7:29,In
1,2/11/2014 11:32,In
1,2/11/2014 11:32,Out
1,2/11/2014 12:28,In
1,2/11/2014 18:31,Out
1,2/11/2014 19:03,In
1,2/11/2014 22:02,Out
1,2/12/2014 7:23,In
1,2/12/2014 11:31,Out
1,2/12/2014 12:28,In
1,2/12/2014 18:32,Out
1,2/12/2014 19:04,In
1,2/12/2014 22:02,Out
1,2/13/2014 7:31,In
1,2/13/2014 11:32,Out
1,2/13/2014 12:27,In
1,2/13/2014 18:32,Out
1,2/13/2014 19:03,In
1,2/13/2014 22:02,Out
1,2/14/2014 7:31,In
1,2/14/2014 11:32,Out
1,2/14/2014 12:30,In
1,2/14/2014 18:32,Out
1,2/14/2014 19:02,In
1,2/14/2014 22:02,Out
1,2/15/2014 7:50,In
1,2/15/2014 11:33,Out
1,2/15/2014 12:28,In
1,2/15/2014 18:31,Out
1,2/15/2014 21:01,Out
1,2/16/2014 7:26,In
1,2/16/2014 11:32,Out
1,2/16/2014 12:32,In
1,2/16/2014 16:04,Out
1,2/17/2014 11:29,Out
1,2/17/2014 12:26,In
1,2/17/2014 18:56,Out
1,2/17/2014 19:23,In
1,2/17/2014 21:56,Out
1,2/18/2014 7:20,In
1,2/18/2014 11:26,Out
1,2/18/2014 12:25,In
1,2/18/2014 18:28,Out
1,2/18/2014 19:02,In
1,2/18/2014 21:55,Out
1,2/19/2014 7:19,In
1,2/19/2014 11:26,Out
1,2/19/2014 12:22,In
1,2/19/2014 18:28,Out
1,2/19/2014 18:57,Out
1,2/19/2014 21:55,Out
1,2/20/2014 7:40,In
1,2/20/2014 11:27,Out
1,2/20/2014 12:22,In
1,2/20/2014 18:26,Out
1,2/20/2014 18:57,Out
1,2/20/2014 18:58,In
1,2/20/2014 21:56,Out
1,2/21/2014 7:21,In
1,2/21/2014 11:27,Out
1,2/21/2014 12:23,In
1,2/21/2014 18:26,Out
1,2/21/2014 19:00,In
1,2/21/2014 21:57,Out
1,2/22/2014 8:17,In
1,2/22/2014 11:27,Out
1,2/22/2014 12:24,In
1,2/22/2014 18:26,Out
1,2/22/2014 18:57,In
1,2/22/2014 20:56,Out
1,2/23/2014 7:25,In
1,2/23/2014 11:27,Out
1,2/23/2014 12:22,In
1,2/23/2014 15:56,In
1,2/23/2014 15:56,Out
1,2/24/2014 7:23,In
1,2/24/2014 11:27,Out
1,2/24/2014 12:19,In
1,2/24/2014 18:58,In
1,2/24/2014 18:58,Out
1,2/24/2014 19:25,In
1,2/24/2014 21:54,Out
1,2/25/2014 7:21,In
1,2/25/2014 11:25,Out
1,2/25/2014 12:23,In
1,2/25/2014 18:27,Out
1,2/25/2014 18:59,In
1,2/25/2014 21:57,Out
1,2/26/2014 7:23,In
1,2/26/2014 11:25,Out
1,2/26/2014 12:24,In
1,2/26/2014 18:27,Out
1,2/26/2014 18:57,In
1,2/26/2014 21:57,Out
1,2/27/2014 7:22,In
1,2/27/2014 11:28,Out
1,2/27/2014 12:22,In
1,2/27/2014 18:28,Out
1,2/27/2014 19:01,In
1,2/27/2014 21:55,Out
1,2/28/2014 7:56,In
1,3/1/2014 7:26,In
1,3/1/2014 11:26,Out
1,3/1/2014 12:25,In
1,3/1/2014 18:00,Out
1,3/2/2014 7:22,In
1,3/2/2014 11:26,Out
1,3/2/2014 12:22,In
1,3/2/2014 15:57,Out
2,2/1/2014 8:32,In
2,2/1/2014 12:02,Out
2,2/1/2014 13:01,In
2,2/1/2014 18:06,In
2,2/2/2014 7:25,In
2,2/2/2014 11:31,Out
2,2/2/2014 12:25,In
2,2/2/2014 16:03,Out
2,2/3/2014 11:30,Out
2,2/3/2014 12:30,In
2,2/3/2014 18:31,Out
2,2/3/2014 19:03,In
2,2/3/2014 22:04,Out
2,2/4/2014 9:43,In
2,2/4/2014 11:31,Out
2,2/4/2014 12:28,In
2,2/4/2014 18:30,Out
2,2/4/2014 19:02,In
2,2/4/2014 22:00,Out
2,2/5/2014 7:28,In
2,2/5/2014 11:31,Out
2,2/5/2014 12:28,In
2,2/5/2014 18:31,Out
2,2/5/2014 19:03,In
2,2/5/2014 21:59,Out
2,2/6/2014 7:26,In
2,2/6/2014 11:31,In
2,2/6/2014 11:31,Out
2,2/6/2014 12:26,In
2,2/6/2014 18:31,Out
2,2/6/2014 19:04,In
2,2/7/2014 11:32,Out
2,2/7/2014 12:30,In
2,2/7/2014 18:32,Out
2,2/7/2014 19:05,In
2,2/7/2014 22:04,Out
2,2/8/2014 7:23,In
2,2/8/2014 11:31,Out
2,2/8/2014 12:27,In
2,2/8/2014 18:06,Out
2,2/9/2014 7:25,In
2,2/9/2014 11:31,Out
2,2/9/2014 12:27,In
2,2/9/2014 16:04,In
2,2/10/2014 11:32,In
2,2/10/2014 11:32,Out
2,2/10/2014 12:30,In
2,2/10/2014 18:32,Out
2,2/10/2014 19:03,In
2,2/10/2014 22:00,In
2,2/11/2014 7:25,In
2,2/11/2014 12:26,In
2,2/11/2014 18:32,Out
2,2/11/2014 19:03,In
2,2/11/2014 22:02,Out
2,2/12/2014 7:55,In
2,2/12/2014 11:32,Out
2,2/12/2014 12:29,In
2,2/12/2014 18:32,Out
2,2/12/2014 19:03,In
2,2/12/2014 22:03,Out
2,2/13/2014 7:27,In
2,2/13/2014 11:32,Out
2,2/13/2014 12:29,In
2,2/13/2014 18:32,Out
2,2/13/2014 19:03,In
2,2/13/2014 22:01,Out
2,2/14/2014 8:16,In
2,2/14/2014 11:32,Out
2,2/14/2014 12:30,In
2,2/14/2014 18:32,Out
2,2/14/2014 19:04,In
2,2/14/2014 22:03,Out
2,2/15/2014 7:37,In
2,2/15/2014 11:33,Out
2,2/15/2014 12:30,In
2,2/15/2014 18:32,Out
2,2/15/2014 19:04,In
2,2/15/2014 21:01,Out
2,2/16/2014 7:48,In
2,2/16/2014 11:33,Out
2,2/16/2014 12:29,In
2,2/16/2014 16:05,Out
2,2/17/2014 11:29,Out
2,2/17/2014 12:26,In
2,2/17/2014 18:56,Out
2,2/17/2014 19:23,In
2,2/17/2014 21:57,Out
2,2/18/2014 7:20,In
2,2/18/2014 11:27,Out
2,2/18/2014 12:25,In
2,2/18/2014 18:28,Out
2,2/18/2014 18:56,In
2,2/18/2014 21:55,Out
2,2/19/2014 7:31,In
2,2/19/2014 11:27,Out
2,2/19/2014 12:22,In
2,2/19/2014 18:28,Out
2,2/19/2014 18:57,Out
2,2/19/2014 21:57,Out
2,2/20/2014 7:34,In
2,2/20/2014 11:27,Out
2,2/20/2014 12:23,In
2,2/20/2014 18:27,In
2,2/20/2014 18:27,Out
2,2/20/2014 18:58,In
2,2/20/2014 21:57,Out
2,2/21/2014 7:22,In
2,2/21/2014 11:27,In
2,2/21/2014 12:23,In
2,2/21/2014 18:27,Out
2,2/21/2014 19:00,In
2,2/21/2014 21:56,In
2,2/21/2014 21:56,Out
2,2/22/2014 7:21,In
2,2/22/2014 11:27,Out
2,2/22/2014 12:23,In
2,2/22/2014 18:26,Out
2,2/22/2014 18:57,In
2,2/22/2014 20:56,Out
2,2/23/2014 7:22,In
2,2/23/2014 11:26,Out
2,2/23/2014 12:24,In
2,2/23/2014 15:57,In
2,2/24/2014 7:22,In
2,2/24/2014 11:27,Out
2,2/24/2014 12:19,In
2,2/24/2014 18:58,In
2,2/24/2014 18:58,Out
2,2/24/2014 19:25,In
2,2/24/2014 21:56,Out
2,2/25/2014 7:23,In
2,2/25/2014 11:26,Out
2,2/25/2014 12:23,In
2,2/25/2014 18:26,Out
2,2/25/2014 18:57,In
2,2/25/2014 21:57,In
2,2/26/2014 7:22,In
2,2/26/2014 11:26,Out
2,2/26/2014 12:25,In
2,2/26/2014 18:26,Out
2,2/26/2014 18:57,In
2,2/26/2014 21:58,Out
2,2/27/2014 7:22,In
2,2/27/2014 11:28,Out
2,2/27/2014 12:22,In
2,2/27/2014 18:26,Out
2,2/27/2014 19:00,In
2,2/27/2014 21:55,Out
3,2/1/2014 7:26,In
3,2/1/2014 12:02,Out
3,2/1/2014 13:01,In
3,2/1/2014 18:18,Out
3,2/2/2014 7:23,In
3,2/2/2014 11:59,Out
3,2/2/2014 13:02,In
3,2/2/2014 16:03,Out
3,2/3/2014 12:03,Out
3,2/3/2014 13:00,In
3,2/3/2014 19:05,Out
3,2/3/2014 19:26,In
3,2/3/2014 22:04,Out
3,2/4/2014 7:34,In
3,2/4/2014 12:04,Out
3,2/4/2014 13:02,Out
3,2/4/2014 19:01,Out
3,2/4/2014 19:28,In
3,2/4/2014 22:03,Out
3,2/5/2014 7:23,In
3,2/5/2014 12:01,Out
3,2/5/2014 12:57,In
3,2/5/2014 19:00,Out
3,2/5/2014 19:22,Out
3,2/5/2014 22:06,Out
3,2/6/2014 7:27,In
3,2/6/2014 12:01,Out
3,2/6/2014 13:00,In
3,2/6/2014 19:00,Out
3,2/6/2014 19:27,In
3,2/7/2014 12:00,Out
3,2/7/2014 13:03,In
3,2/7/2014 19:00,Out
3,2/7/2014 19:25,Out
3,2/7/2014 22:07,Out
3,2/8/2014 7:51,Out
3,2/8/2014 7:51,In
3,2/8/2014 12:02,Out
3,2/8/2014 13:01,In
3,2/8/2014 18:32,Out
3,2/9/2014 7:35,In
3,2/9/2014 12:00,Out
3,2/9/2014 13:01,In
3,2/9/2014 16:03,Out
3,2/10/2014 8:52,In
3,2/10/2014 12:04,Out
3,2/10/2014 13:01,In
3,2/10/2014 19:01,Out
3,2/10/2014 19:24,In
3,2/10/2014 22:04,Out
3,2/10/2014 22:04,Out
3,2/11/2014 7:45,In
3,2/11/2014 12:02,Out
3,2/11/2014 12:59,In
3,2/11/2014 19:01,In
3,2/11/2014 19:01,Out
3,2/11/2014 19:24,In
3,2/11/2014 22:04,Out
3,2/12/2014 7:23,In
3,2/12/2014 12:01,Out
3,2/12/2014 13:00,In
3,2/12/2014 19:03,Out
3,2/12/2014 19:25,In
3,2/12/2014 22:03,Out
3,2/13/2014 7:31,In
3,2/13/2014 12:00,Out
3,2/13/2014 13:04,In
3,2/13/2014 19:00,Out
3,2/13/2014 19:28,In
3,2/13/2014 22:03,Out
3,2/14/2014 7:23,In
3,2/14/2014 12:00,Out
3,2/14/2014 13:02,In
3,2/14/2014 19:00,Out
3,2/14/2014 19:25,In
3,2/14/2014 22:04,Out
3,2/15/2014 7:47,In
3,2/15/2014 12:05,Out
3,2/15/2014 13:01,In
3,2/15/2014 19:03,Out
3,2/15/2014 19:27,In
3,2/15/2014 21:05,In
3,2/15/2014 21:05,Out
3,2/17/2014 11:58,Out
3,2/17/2014 18:57,Out
3,2/17/2014 19:21,In
3,2/17/2014 21:58,Out
3,2/18/2014 7:18,In
3,2/18/2014 11:57,Out
3,2/18/2014 12:54,In
3,2/18/2014 18:56,Out
3,2/18/2014 19:24,In
3,2/18/2014 21:59,Out
3,2/19/2014 7:20,In
3,2/19/2014 11:55,Out
3,2/19/2014 18:57,Out
3,2/19/2014 19:24,In
3,2/19/2014 22:00,Out
3,2/20/2014 7:20,In
3,2/20/2014 11:57,Out
3,2/20/2014 12:56,In
3,2/20/2014 18:54,Out
3,2/20/2014 19:23,In
3,2/20/2014 22:00,Out
3,2/21/2014 7:21,In
3,2/21/2014 11:56,Out
3,2/21/2014 12:57,In
3,2/21/2014 18:55,Out
3,2/21/2014 19:27,In
3,2/21/2014 22:00,Out
3,2/22/2014 7:48,In
3,2/22/2014 11:56,Out
3,2/22/2014 12:56,In
3,2/22/2014 19:00,Out
3,2/22/2014 21:00,Out
3,2/23/2014 7:20,In
3,2/23/2014 11:57,Out
3,2/23/2014 12:56,In
3,2/23/2014 15:55,Out
3,2/24/2014 7:45,In
3,2/24/2014 11:54,Out
3,2/24/2014 12:54,In
3,2/24/2014 19:20,In
3,2/24/2014 22:01,Out
3,2/25/2014 7:29,In
3,2/25/2014 11:56,Out
3,2/25/2014 12:54,In
3,2/25/2014 18:54,Out
3,2/25/2014 19:23,In
3,2/25/2014 22:03,Out
3,2/26/2014 7:45,In
3,2/26/2014 11:55,Out
3,2/26/2014 12:56,In
3,2/26/2014 18:55,Out
3,2/26/2014 19:25,In
3,2/26/2014 22:01,In
3,2/26/2014 22:01,Out
3,2/27/2014 7:28,In
3,2/27/2014 11:55,Out
3,2/27/2014 12:56,In
3,2/27/2014 18:57,Out
3,2/27/2014 19:23,In
3,2/27/2014 22:00,Out
3,2/28/2014 7:42,In
3,3/1/2014 7:34,In
3,3/1/2014 11:56,Out
3,3/1/2014 12:56,In
3,3/1/2014 18:35,Out
3,3/2/2014 7:30,In
3,3/2/2014 11:59,Out
3,3/2/2014 12:57,In
3,3/2/2014 15:59,Out
5,2/1/2014 7:29,In
5,2/1/2014 12:02,Out
5,2/1/2014 18:04,Out
5,2/2/2014 7:24,In
5,2/2/2014 11:31,Out
5,2/2/2014 16:05,Out
5,2/3/2014 11:31,Out
5,2/3/2014 12:32,In
5,2/3/2014 18:35,Out
5,2/3/2014 19:01,In
5,2/3/2014 22:05,Out
5,2/4/2014 7:25,In
5,2/4/2014 11:31,Out
5,2/4/2014 12:28,In
5,2/4/2014 18:35,Out
5,2/4/2014 19:08,In
5,2/4/2014 22:01,Out
5,2/5/2014 7:32,In
5,2/5/2014 11:30,Out
5,2/5/2014 12:29,In
5,2/5/2014 18:33,Out
5,2/5/2014 19:03,In
5,2/5/2014 21:58,Out
5,2/6/2014 7:59,In
5,2/6/2014 11:31,Out
5,2/6/2014 12:30,In
5,2/6/2014 18:32,In
5,2/6/2014 19:02,In
5,2/7/2014 11:32,Out
5,2/7/2014 18:31,Out
5,2/7/2014 19:01,In
5,2/7/2014 22:04,Out
5,2/8/2014 7:50,In
5,2/8/2014 11:34,Out
5,2/8/2014 12:35,In
5,2/8/2014 18:07,Out
5,2/9/2014 10:33,In
5,2/9/2014 11:32,Out
5,2/9/2014 12:31,In
5,2/9/2014 16:03,Out
5,2/10/2014 11:32,Out
5,2/10/2014 12:33,In
5,2/10/2014 18:30,Out
5,2/10/2014 19:04,In
5,2/10/2014 22:00,Out
5,2/12/2014 7:24,In
5,2/12/2014 11:31,Out
5,2/12/2014 12:30,In
5,2/12/2014 18:32,Out
5,2/12/2014 19:06,In
5,2/12/2014 22:02,Out
5,2/13/2014 7:25,In
5,2/13/2014 11:32,Out
5,2/13/2014 18:34,Out
5,2/13/2014 19:02,In
5,2/13/2014 22:00,Out
5,2/14/2014 8:17,In
5,2/14/2014 11:32,Out
5,2/14/2014 12:33,In
5,2/14/2014 18:32,Out
5,2/14/2014 19:04,In
5,2/14/2014 22:02,Out
5,2/15/2014 7:50,In
5,2/15/2014 11:35,Out
5,2/15/2014 12:29,In
5,2/15/2014 18:31,Out
5,2/15/2014 19:05,In
5,2/15/2014 20:59,Out
5,2/16/2014 7:32,In
5,2/16/2014 11:33,In
5,2/16/2014 13:07,In
5,2/16/2014 16:11,Out
5,2/17/2014 11:29,Out
5,2/17/2014 12:27,In
5,2/17/2014 18:56,Out
5,2/17/2014 19:30,In
5,2/17/2014 21:56,Out
5,2/18/2014 8:09,In
5,2/18/2014 11:27,Out
5,2/18/2014 12:25,In
5,2/18/2014 18:29,Out
5,2/18/2014 19:06,In
5,2/18/2014 21:55,Out
5,2/19/2014 8:06,In
5,2/19/2014 11:28,Out
5,2/19/2014 12:25,In
5,2/19/2014 18:29,Out
5,2/19/2014 19:19,In
5,2/19/2014 21:55,Out
5,2/20/2014 7:55,In
5,2/20/2014 11:27,Out
5,2/20/2014 12:22,In
5,2/20/2014 18:30,Out
5,2/20/2014 19:01,In
5,2/20/2014 21:56,Out
5,2/21/2014 8:22,In
5,2/21/2014 11:28,Out
5,2/21/2014 12:26,In
5,2/21/2014 18:26,Out
5,2/21/2014 19:01,In
5,2/21/2014 21:56,Out
5,2/26/2014 11:26,Out
5,2/26/2014 12:28,In
5,2/26/2014 18:27,Out
5,2/26/2014 19:00,In
5,2/26/2014 21:57,Out
5,2/27/2014 7:22,In
5,2/27/2014 11:28,Out
5,2/27/2014 12:24,In
5,2/27/2014 18:27,Out
5,2/27/2014 19:03,In
5,2/27/2014 21:59,Out
5,3/1/2014 11:27,Out
5,3/2/2014 11:25,Out
7,2/1/2014 12:02,Out
7,2/1/2014 13:03,In
7,2/1/2014 18:12,Out
7,2/2/2014 7:26,In
7,2/2/2014 11:31,Out
7,2/2/2014 12:27,In
7,2/2/2014 16:04,Out
7,2/3/2014 11:31,Out
7,2/3/2014 12:31,In
7,2/3/2014 18:30,Out
7,2/3/2014 19:02,In
7,2/3/2014 22:06,Out
7,2/4/2014 7:23,In
7,2/4/2014 11:32,Out
7,2/4/2014 12:28,In
7,2/4/2014 18:30,Out
7,2/4/2014 19:02,In
7,2/4/2014 22:12,In
7,2/4/2014 22:12,Out
7,2/5/2014 7:26,In
7,2/5/2014 11:31,In
7,2/5/2014 11:32,Out
7,2/5/2014 12:29,In
7,2/5/2014 18:31,In
7,2/5/2014 19:03,In
7,2/5/2014 22:03,Out
7,2/6/2014 7:25,In
7,2/6/2014 11:30,Out
7,2/6/2014 12:28,In
7,2/6/2014 18:31,Out
7,2/6/2014 19:03,In
7,2/7/2014 11:33,Out
7,2/7/2014 12:30,In
7,2/7/2014 18:31,Out
7,2/7/2014 19:00,Out
7,2/7/2014 19:00,In
7,2/7/2014 22:13,Out
7,2/8/2014 7:29,In
7,2/8/2014 11:32,In
7,2/8/2014 12:31,In
7,2/8/2014 18:26,Out
7,2/9/2014 7:24,In
7,2/9/2014 11:31,Out
7,2/9/2014 12:27,In
7,2/9/2014 16:10,Out
7,2/10/2014 11:33,Out
7,2/10/2014 12:34,In
7,2/10/2014 18:31,Out
7,2/10/2014 19:02,Out
7,2/10/2014 19:02,In
7,2/10/2014 22:02,Out
7,2/12/2014 7:27,In
7,2/12/2014 11:31,Out
7,2/12/2014 12:30,In
7,2/12/2014 18:32,Out
7,2/12/2014 19:04,In
7,2/13/2014 7:24,In
7,2/13/2014 11:32,Out
7,2/13/2014 12:28,In
7,2/13/2014 18:33,Out
7,2/13/2014 19:03,In
7,2/13/2014 22:08,Out
7,2/14/2014 7:25,In
7,2/14/2014 11:31,Out
7,2/14/2014 12:31,In
7,2/14/2014 18:30,Out
7,2/14/2014 19:04,In
7,2/14/2014 22:02,Out
7,2/15/2014 9:15,In
7,2/15/2014 11:33,Out
7,2/15/2014 12:30,In
7,2/15/2014 18:31,Out
7,2/15/2014 19:01,In
7,2/15/2014 21:03,Out
7,2/16/2014 7:26,In
7,2/16/2014 11:32,Out
7,2/16/2014 12:31,In
7,2/16/2014 16:06,Out
7,2/17/2014 11:29,Out
7,2/17/2014 12:27,In
7,2/17/2014 18:56,Out
7,2/17/2014 19:29,In
7,2/17/2014 21:59,Out
7,2/18/2014 7:21,In
7,2/18/2014 11:27,Out
7,2/18/2014 12:26,In
7,2/18/2014 18:28,Out
7,2/18/2014 19:03,In
7,2/18/2014 22:00,Out
7,2/19/2014 7:21,In
7,2/19/2014 11:26,Out
7,2/19/2014 12:24,In
7,2/19/2014 18:28,Out
7,2/19/2014 18:57,In
7,2/19/2014 21:57,Out
7,2/20/2014 7:22,In
7,2/20/2014 11:29,Out
7,2/20/2014 12:23,In
7,2/20/2014 18:27,Out
7,2/20/2014 18:57,In
7,2/20/2014 21:59,Out
7,2/21/2014 7:23,In
7,2/21/2014 11:29,Out
7,2/21/2014 12:25,In
7,2/21/2014 18:27,Out
7,2/21/2014 18:58,In
7,2/21/2014 21:56,Out
7,2/22/2014 7:21,In
7,2/22/2014 11:28,Out
7,2/22/2014 12:25,In
7,2/22/2014 18:26,Out
7,2/22/2014 18:57,In
7,2/22/2014 21:09,Out
7,2/23/2014 7:22,In
7,2/23/2014 11:27,Out
7,2/23/2014 12:24,In
7,2/23/2014 15:58,Out
7,2/24/2014 7:33,In
7,2/24/2014 11:27,In
7,2/24/2014 11:27,Out
7,2/24/2014 12:22,In
7,2/24/2014 19:00,Out
7,2/24/2014 19:27,In
7,2/24/2014 22:00,Out
7,2/25/2014 7:28,In
7,2/25/2014 11:26,Out
7,2/25/2014 12:25,In
7,2/25/2014 18:27,Out
7,2/25/2014 19:00,In
7,2/25/2014 21:58,Out
7,2/26/2014 7:23,In
7,2/26/2014 11:24,Out
7,2/26/2014 12:25,In
7,2/26/2014 18:27,Out
7,2/26/2014 18:57,In
7,2/26/2014 22:01,Out
7,2/27/2014 7:21,In
7,2/27/2014 11:28,Out
7,2/27/2014 12:23,In
7,2/27/2014 18:29,Out
7,2/27/2014 18:30,Out
7,2/27/2014 19:04,In
7,2/27/2014 21:56,Out
7,2/28/2014 7:23,In
7,3/1/2014 7:23,In
7,3/1/2014 11:27,In
7,3/1/2014 11:27,Out
7,3/1/2014 12:27,In
7,3/1/2014 18:07,Out
7,3/2/2014 7:22,In
7,3/2/2014 11:26,Out
7,3/2/2014 12:23,In
7,3/2/2014 16:00,Out
8,2/1/2014 7:27,In
8,2/1/2014 12:03,Out
8,2/1/2014 13:00,In
8,2/1/2014 18:11,Out
8,2/2/2014 7:27,In
8,2/2/2014 12:00,Out
8,2/2/2014 13:01,In
8,2/2/2014 16:07,Out
8,2/3/2014 12:03,Out
8,2/3/2014 12:59,In
8,2/3/2014 19:04,Out
8,2/3/2014 19:29,In
8,2/3/2014 22:06,Out
8,2/4/2014 7:24,In
8,2/4/2014 12:02,Out
8,2/4/2014 13:03,In
8,2/4/2014 19:04,Out
8,2/4/2014 19:27,In
8,2/4/2014 22:04,Out
8,2/5/2014 7:24,In
8,2/5/2014 12:02,Out
8,2/5/2014 12:56,In
8,2/5/2014 19:04,Out
8,2/5/2014 19:28,In
8,2/5/2014 22:03,Out
8,2/6/2014 7:27,In
8,2/6/2014 13:00,In
8,2/6/2014 19:05,Out
8,2/6/2014 19:24,In
8,2/7/2014 12:02,Out
8,2/7/2014 13:03,In
8,2/7/2014 19:03,Out
8,2/7/2014 19:28,In
8,2/7/2014 22:07,Out
8,2/8/2014 7:25,In
8,2/8/2014 12:02,Out
8,2/8/2014 13:00,In
8,2/8/2014 18:13,Out
8,2/9/2014 7:24,In
8,2/9/2014 12:03,Out
8,2/9/2014 13:00,In
8,2/9/2014 16:08,Out
8,2/10/2014 16:20,In
8,2/10/2014 19:26,In
8,2/10/2014 22:03,Out
8,2/11/2014 7:24,In
8,2/11/2014 12:04,Out
8,2/11/2014 12:59,In
8,2/11/2014 19:04,Out
8,2/11/2014 19:29,In
8,2/11/2014 22:04,Out
8,2/12/2014 7:27,In
8,2/12/2014 12:04,Out
8,2/12/2014 12:58,In
8,2/12/2014 19:06,Out
8,2/12/2014 19:28,In
8,2/12/2014 22:04,Out
8,2/13/2014 7:25,In
8,2/13/2014 12:03,Out
8,2/13/2014 13:02,In
8,2/13/2014 19:04,Out
8,2/13/2014 19:27,In
8,2/13/2014 22:04,Out
8,2/14/2014 7:25,In
8,2/14/2014 12:01,Out
8,2/14/2014 13:00,In
8,2/14/2014 19:06,Out
8,2/14/2014 19:25,In
8,2/14/2014 22:04,Out
8,2/15/2014 9:15,In
8,2/15/2014 12:02,Out
8,2/15/2014 13:01,In
8,2/15/2014 19:05,Out
8,2/15/2014 19:28,In
8,2/15/2014 21:03,Out
8,2/16/2014 7:26,In
8,2/16/2014 12:03,Out
8,2/16/2014 13:01,In
8,2/16/2014 16:07,Out
8,2/17/2014 11:58,Out
8,2/17/2014 12:56,In
8,2/17/2014 18:57,Out
8,2/17/2014 19:24,In
8,2/17/2014 21:59,Out
8,2/18/2014 7:20,In
8,2/18/2014 11:57,Out
8,2/18/2014 12:53,In
8,2/18/2014 19:00,Out
8,2/18/2014 19:24,In
8,2/18/2014 21:58,Out
8,2/19/2014 7:20,In
8,2/19/2014 11:57,Out
8,2/19/2014 12:53,In
8,2/19/2014 18:59,Out
8,2/19/2014 19:23,In
8,2/19/2014 21:58,Out
8,2/20/2014 7:24,In
8,2/20/2014 11:57,Out
8,2/20/2014 12:54,In
8,2/20/2014 19:20,In
8,2/20/2014 21:58,Out
8,2/21/2014 7:20,In
8,2/21/2014 11:58,Out
8,2/21/2014 12:55,In
8,2/21/2014 19:03,Out
8,2/21/2014 19:22,In
8,2/21/2014 21:58,Out
8,2/22/2014 7:20,In
8,2/22/2014 11:57,Out
8,2/22/2014 12:54,In
8,2/22/2014 18:59,Out
8,2/22/2014 19:25,In
8,2/22/2014 20:59,Out
8,2/23/2014 7:20,In
8,2/23/2014 11:56,Out
8,2/23/2014 12:55,In
8,2/23/2014 16:00,Out
8,2/24/2014 7:23,In
8,2/24/2014 11:56,Out
8,2/24/2014 12:53,In
8,2/24/2014 19:00,Out
8,2/24/2014 19:24,In
8,2/24/2014 21:57,Out
8,2/25/2014 7:21,In
8,2/25/2014 11:57,Out
8,2/25/2014 12:52,In
8,2/25/2014 19:01,Out
8,2/26/2014 7:21,In
8,2/26/2014 11:56,In
8,2/26/2014 12:54,In
8,2/26/2014 18:59,In
8,2/26/2014 18:59,Out
8,2/26/2014 19:21,In
8,2/26/2014 22:00,Out
8,2/27/2014 11:56,Out
8,2/27/2014 12:55,In
8,2/27/2014 19:02,Out
8,2/27/2014 19:23,In
8,2/27/2014 21:57,Out
8,2/28/2014 7:20,In
8,3/1/2014 7:22,In
8,3/1/2014 11:57,Out
8,3/1/2014 12:54,In
8,3/1/2014 18:08,Out
8,3/2/2014 7:23,In
8,3/2/2014 11:56,Out
8,3/2/2014 12:57,In
8,3/2/2014 16:00,Out
13,2/1/2014 12:02,Out
13,2/1/2014 13:00,In
13,2/1/2014 13:01,In
13,2/1/2014 18:12,Out
13,2/1/2014 18:12,Out
13,2/2/2014 7:24,In
13,2/2/2014 11:32,Out
13,2/2/2014 12:27,In
13,2/2/2014 16:05,Out
13,2/3/2014 11:30,Out
13,2/3/2014 12:29,In
13,2/3/2014 18:30,Out
13,2/3/2014 18:30,Out
13,2/3/2014 19:03,In
13,2/3/2014 22:06,Out
13,2/4/2014 7:24,In
13,2/4/2014 11:31,Out
13,2/4/2014 12:27,In
13,2/4/2014 18:30,Out
13,2/4/2014 19:02,In
13,2/4/2014 22:11,Out
13,2/5/2014 7:25,In
13,2/5/2014 7:25,In
13,2/5/2014 11:30,Out
13,2/5/2014 12:27,In
13,2/5/2014 18:30,Out
13,2/5/2014 19:02,In
13,2/5/2014 22:06,Out
13,2/6/2014 7:25,In
13,2/6/2014 7:25,In
13,2/6/2014 11:30,Out
13,2/6/2014 12:27,In
13,2/6/2014 18:30,Out
13,2/6/2014 18:30,Out
13,2/6/2014 19:02,In
13,2/7/2014 11:31,Out
13,2/7/2014 12:27,In
13,2/7/2014 18:29,Out
13,2/7/2014 19:02,In
13,2/7/2014 22:03,Out
13,2/7/2014 22:03,Out
13,2/8/2014 7:25,In
13,2/8/2014 7:25,In
13,2/8/2014 11:32,Out
13,2/8/2014 12:27,In
13,2/8/2014 18:06,Out
13,2/9/2014 7:24,In
13,2/9/2014 7:24,In
13,2/9/2014 11:30,Out
13,2/9/2014 12:26,In
13,2/9/2014 16:04,Out
13,2/10/2014 11:31,Out
13,2/10/2014 12:30,In
13,2/10/2014 18:31,Out
13,2/10/2014 19:03,In
13,2/10/2014 22:04,Out
13,2/10/2014 22:04,Out
13,2/11/2014 7:25,In
13,2/11/2014 11:32,Out
13,2/11/2014 12:27,In
13,2/11/2014 18:30,Out
13,2/11/2014 19:03,In
13,2/11/2014 22:05,Out
13,2/12/2014 7:24,In
13,2/12/2014 11:31,Out
13,2/12/2014 12:29,In
13,2/12/2014 18:31,Out
13,2/12/2014 19:02,In
13,2/12/2014 22:05,Out
13,2/13/2014 7:24,In
13,2/13/2014 7:24,In
13,2/13/2014 11:32,Out
13,2/13/2014 12:27,In
13,2/13/2014 18:32,Out
13,2/13/2014 19:03,In
13,2/13/2014 22:05,Out
13,2/13/2014 22:05,Out
13,2/14/2014 7:25,In
13,2/14/2014 7:25,In
13,2/14/2014 11:31,Out
13,2/14/2014 12:30,In
13,2/14/2014 18:32,Out
13,2/14/2014 18:32,Out
13,2/14/2014 19:02,In
13,2/14/2014 22:04,Out
13,2/15/2014 7:25,In
13,2/15/2014 11:33,Out
13,2/15/2014 12:26,In
13,2/15/2014 18:31,Out
13,2/15/2014 18:31,Out
13,2/15/2014 19:02,In
13,2/15/2014 19:02,In
13,2/15/2014 21:05,Out
13,2/16/2014 7:25,In
13,2/16/2014 11:31,Out
13,2/16/2014 11:31,Out
13,2/16/2014 11:31,Out
13,2/16/2014 12:29,In
13,2/16/2014 16:03,Out
13,2/17/2014 11:29,Out
13,2/17/2014 12:25,In
13,2/17/2014 18:56,Out
13,2/17/2014 19:21,In
13,2/17/2014 21:58,Out
13,2/18/2014 7:19,In
13,2/18/2014 11:25,Out
13,2/18/2014 11:25,Out
13,2/18/2014 12:24,In
13,2/18/2014 18:28,Out
13,2/18/2014 18:57,In
13,2/18/2014 21:59,Out
13,2/19/2014 7:19,In
13,2/19/2014 7:19,In
13,2/19/2014 11:25,Out
13,2/19/2014 12:22,In
13,2/19/2014 18:26,Out
13,2/19/2014 18:56,In
13,2/19/2014 21:59,Out
13,2/20/2014 7:20,In
13,2/20/2014 11:28,Out
13,2/20/2014 12:21,In
13,2/20/2014 18:24,Out
13,2/20/2014 18:57,In
13,2/20/2014 18:57,In
13,2/20/2014 21:59,Out
13,2/21/2014 7:19,In
13,2/21/2014 11:27,Out
13,2/21/2014 12:23,In
13,2/21/2014 18:26,Out
13,2/21/2014 18:56,In
13,2/21/2014 21:59,Out
13,2/22/2014 7:20,In
13,2/22/2014 11:26,Out
13,2/22/2014 12:23,In
13,2/22/2014 18:25,Out
13,2/22/2014 18:57,In
13,2/22/2014 21:00,Out
13,2/23/2014 7:20,In
13,2/23/2014 7:20,In
13,2/23/2014 11:26,Out
13,2/23/2014 12:20,In
13,2/23/2014 15:57,Out
13,2/24/2014 7:20,In
13,2/24/2014 7:21,In
13,2/24/2014 7:21,In
13,2/24/2014 11:27,Out
13,2/24/2014 12:20,In
13,2/24/2014 18:57,In
13,2/24/2014 18:58,Out
13,2/24/2014 19:18,In
13,2/24/2014 22:01,Out
13,2/25/2014 7:19,In
13,2/25/2014 7:19,In
13,2/25/2014 11:25,Out
13,2/25/2014 12:22,In
13,2/25/2014 18:26,Out
13,2/25/2014 18:57,In
13,2/25/2014 22:00,Out
13,2/26/2014 7:20,In
13,2/26/2014 11:25,Out
13,2/26/2014 12:24,In
13,2/26/2014 18:26,Out
13,2/26/2014 18:58,In
13,2/26/2014 22:01,In
13,2/26/2014 22:01,Out
13,2/26/2014 22:01,Out
13,2/27/2014 7:20,In
13,2/27/2014 11:28,Out
13,2/27/2014 12:21,In
13,2/27/2014 18:26,Out
13,2/27/2014 18:43,In
13,2/27/2014 22:00,Out
13,2/28/2014 7:20,In
13,3/1/2014 7:22,In
13,3/1/2014 11:27,Out
13,3/1/2014 12:25,In
13,3/1/2014 18:17,Out
13,3/2/2014 7:19,In
13,3/2/2014 11:25,Out
13,3/2/2014 12:22,In
13,3/2/2014 15:58,Out
15,2/1/2014 12:01,Out
15,2/1/2014 13:02,In
15,2/1/2014 18:08,Out
15,2/2/2014 7:24,In
15,2/2/2014 12:00,Out
15,2/2/2014 13:02,In
15,2/2/2014 16:07,Out
15,2/3/2014 11:59,Out
15,2/3/2014 13:03,In
15,2/3/2014 18:59,Out
15,2/3/2014 19:29,In
15,2/3/2014 22:01,Out
15,2/4/2014 7:37,In
15,2/4/2014 11:59,Out
15,2/4/2014 13:02,In
15,2/4/2014 18:58,Out
15,2/4/2014 19:27,In
15,2/4/2014 22:02,Out
15,2/5/2014 7:41,In
15,2/5/2014 12:01,Out
15,2/5/2014 12:57,In
15,2/5/2014 18:59,Out
15,2/5/2014 19:30,Out
15,2/5/2014 21:58,Out
15,2/6/2014 7:25,In
15,2/6/2014 12:02,Out
15,2/6/2014 13:01,In
15,2/6/2014 18:59,Out
15,2/6/2014 19:25,In
15,2/7/2014 12:00,Out
15,2/7/2014 13:03,In
15,2/7/2014 19:00,Out
15,2/7/2014 19:31,In
15,2/7/2014 22:00,Out
15,2/8/2014 7:28,In
15,2/8/2014 12:00,Out
15,2/8/2014 13:01,Out
15,2/8/2014 13:02,In
15,2/8/2014 18:06,Out
15,2/9/2014 10:33,In
15,2/9/2014 11:30,Out
15,2/9/2014 12:30,In
15,2/9/2014 12:30,In
15,2/9/2014 16:05,In
15,2/9/2014 16:05,Out
15,2/11/2014 7:24,In
15,2/11/2014 12:01,Out
15,2/11/2014 13:00,In
15,2/11/2014 19:00,Out
15,2/11/2014 19:34,In
15,2/11/2014 22:01,Out
15,2/12/2014 7:24,In
15,2/12/2014 12:00,Out
15,2/12/2014 13:00,In
15,2/12/2014 18:59,Out
15,2/12/2014 19:29,In
15,2/12/2014 22:01,Out
15,2/13/2014 7:49,In
15,2/13/2014 12:00,Out
15,2/13/2014 13:04,In
15,2/13/2014 19:01,Out
15,2/13/2014 19:30,In
15,2/13/2014 22:00,Out
15,2/14/2014 7:25,In
15,2/14/2014 11:59,Out
15,2/14/2014 13:03,In
15,2/14/2014 19:02,Out
15,2/14/2014 19:25,In
15,2/14/2014 21:59,Out
15,2/15/2014 7:25,In
15,2/15/2014 11:59,Out
15,2/15/2014 13:01,In
15,2/15/2014 18:59,Out
15,2/15/2014 19:28,In
15,2/15/2014 20:59,Out
15,2/16/2014 7:28,In
15,2/16/2014 12:02,Out
15,2/16/2014 13:03,In
15,2/16/2014 16:12,Out
15,2/17/2014 11:56,Out
15,2/17/2014 12:59,Out
15,2/17/2014 18:56,Out
15,2/17/2014 19:28,In
15,2/17/2014 21:54,Out
15,2/18/2014 7:22,In
15,2/18/2014 11:55,Out
15,2/18/2014 12:55,In
15,2/18/2014 18:54,Out
15,2/18/2014 19:24,In
15,2/18/2014 21:53,Out
15,2/19/2014 7:20,In
15,2/19/2014 11:55,Out
15,2/19/2014 12:52,In
15,2/19/2014 18:54,Out
15,2/19/2014 19:25,In
15,2/19/2014 21:53,Out
15,2/20/2014 7:23,In
15,2/20/2014 11:54,Out
15,2/20/2014 12:56,In
15,2/20/2014 18:54,Out
15,2/20/2014 19:23,In
15,2/20/2014 21:55,Out
15,2/21/2014 7:19,In
15,2/21/2014 11:56,Out
15,2/21/2014 12:57,In
15,2/21/2014 18:54,Out
15,2/21/2014 19:26,In
15,2/21/2014 21:54,Out
15,2/22/2014 7:20,In
15,2/22/2014 11:56,Out
15,2/22/2014 12:57,In
15,2/22/2014 18:56,Out
15,2/22/2014 19:27,In
15,2/22/2014 20:55,Out
15,2/23/2014 7:23,In
15,2/23/2014 11:55,Out
15,2/23/2014 12:55,In
15,2/23/2014 15:56,Out
15,2/24/2014 7:20,In
15,2/24/2014 11:54,Out
15,2/24/2014 11:54,Out
15,2/24/2014 12:55,In
15,2/24/2014 18:57,Out
15,2/24/2014 19:26,In
15,2/24/2014 21:53,Out
15,2/25/2014 7:22,In
15,2/25/2014 11:56,Out
15,2/25/2014 12:57,In
15,2/25/2014 18:56,Out
15,2/25/2014 19:29,In
15,2/25/2014 21:57,Out
15,2/26/2014 7:23,In
15,2/26/2014 11:54,Out
15,2/26/2014 12:57,In
15,2/26/2014 18:55,Out
15,2/26/2014 21:58,Out
15,2/27/2014 7:20,In
15,2/27/2014 11:54,Out
15,2/27/2014 16:12,In
15,2/27/2014 18:54,Out
15,2/27/2014 19:26,In
15,2/27/2014 21:53,Out
15,2/28/2014 7:22,In
15,3/1/2014 7:25,In
15,3/1/2014 11:56,Out
15,3/1/2014 12:57,In
15,3/1/2014 12:57,In
15,3/1/2014 17:58,Out
15,3/2/2014 7:23,In
15,3/2/2014 11:55,Out
15,3/2/2014 12:56,In
15,3/2/2014 15:58,Out
18,2/1/2014 12:02,Out
18,2/1/2014 13:05,In
18,2/2/2014 7:24,In
18,2/2/2014 11:29,Out
18,2/2/2014 12:31,In
18,2/2/2014 16:06,Out
18,2/3/2014 11:30,Out
18,2/3/2014 12:32,In
18,2/3/2014 18:30,Out
18,2/3/2014 19:02,In
18,2/3/2014 22:02,Out
18,2/4/2014 7:23,In
18,2/4/2014 12:02,Out
18,2/4/2014 13:03,In
18,2/4/2014 18:58,Out
18,2/4/2014 19:27,In
18,2/4/2014 19:31,In
18,2/4/2014 22:19,Out
18,2/5/2014 7:23,In
18,2/5/2014 11:30,Out
18,2/5/2014 12:28,In
18,2/5/2014 18:30,Out
18,2/5/2014 19:03,In
18,2/5/2014 21:59,Out
18,2/6/2014 7:25,In
18,2/6/2014 11:31,Out
18,2/6/2014 12:29,In
18,2/6/2014 18:30,Out
18,2/6/2014 18:30,Out
18,2/6/2014 19:03,In
18,2/6/2014 19:03,In
18,2/7/2014 11:30,Out
18,2/7/2014 12:30,In
18,2/7/2014 18:58,Out
18,2/7/2014 19:35,In
18,2/7/2014 22:01,Out
18,2/8/2014 7:23,In
18,2/8/2014 11:32,Out
18,2/8/2014 12:31,In
18,2/8/2014 18:28,Out
18,2/9/2014 7:23,In
18,2/9/2014 11:30,Out
18,2/9/2014 12:25,In
18,2/9/2014 16:04,Out
18,2/10/2014 11:30,Out
18,2/10/2014 12:33,In
18,2/10/2014 18:31,Out
18,2/10/2014 19:05,In
18,2/10/2014 22:00,Out
18,2/11/2014 7:23,In
18,2/11/2014 11:30,Out
18,2/11/2014 11:30,Out
18,2/11/2014 12:31,In
18,2/11/2014 18:30,Out
18,2/11/2014 19:03,In
18,2/11/2014 22:04,Out
18,2/12/2014 7:23,In
18,2/12/2014 11:29,Out
18,2/12/2014 12:33,In
18,2/12/2014 18:30,Out
18,2/12/2014 19:07,In
18,2/12/2014 22:02,Out
18,2/13/2014 7:24,In
18,2/13/2014 11:58,Out
18,2/13/2014 13:06,In
18,2/13/2014 19:04,Out
18,2/13/2014 19:33,In
18,2/13/2014 22:02,Out
18,2/14/2014 7:23,In
18,2/14/2014 11:59,Out
18,2/14/2014 13:05,In
18,2/14/2014 18:30,Out
18,2/14/2014 19:04,In
18,2/14/2014 22:03,Out
18,2/15/2014 7:23,In
18,2/15/2014 11:31,Out
18,2/15/2014 11:31,Out
18,2/15/2014 12:29,In
18,2/15/2014 18:31,Out
18,2/15/2014 19:04,In
18,2/15/2014 21:01,Out
18,2/16/2014 7:23,In
18,2/16/2014 11:30,Out
18,2/16/2014 12:32,In
18,2/16/2014 16:05,Out
18,2/17/2014 11:58,Out
18,2/17/2014 12:52,In
18,2/17/2014 18:54,Out
18,2/17/2014 19:26,In
18,2/17/2014 21:57,In
18,2/17/2014 21:57,Out
18,2/18/2014 7:19,In
18,2/18/2014 11:54,Out
18,2/18/2014 12:55,In
18,2/18/2014 18:54,Out
18,2/18/2014 19:24,In
18,2/18/2014 21:54,Out
18,2/19/2014 7:19,In
18,2/19/2014 11:25,Out
18,2/19/2014 12:26,In
18,2/19/2014 18:53,Out
18,2/19/2014 19:26,In
18,2/19/2014 21:55,Out
18,2/20/2014 7:20,In
18,2/20/2014 11:25,Out
18,2/20/2014 12:26,In
18,2/20/2014 18:24,Out
18,2/20/2014 18:59,In
18,2/20/2014 21:57,Out
18,2/21/2014 7:32,In
18,2/21/2014 11:26,Out
18,2/21/2014 12:23,In
18,2/21/2014 18:53,Out
18,2/21/2014 19:26,In
18,2/21/2014 21:57,Out
18,2/22/2014 7:20,In
18,2/22/2014 11:25,Out
18,2/22/2014 12:24,In
18,2/22/2014 18:56,Out
18,2/22/2014 19:26,In
18,2/22/2014 20:54,Out
18,2/23/2014 7:19,In
18,2/23/2014 11:24,Out
18,2/23/2014 12:24,In
18,2/23/2014 15:59,Out
18,2/24/2014 7:19,In
18,2/24/2014 11:24,Out
18,2/24/2014 12:25,In
18,2/24/2014 18:54,Out
18,2/24/2014 19:26,In
18,2/24/2014 21:56,Out
18,2/25/2014 7:20,In
18,2/25/2014 11:24,Out
18,2/25/2014 12:29,In
18,2/25/2014 18:31,Out
18,2/25/2014 19:00,In
18,2/25/2014 21:55,Out
18,2/26/2014 7:20,In
18,2/26/2014 11:24,Out
18,2/26/2014 11:24,Out
18,2/26/2014 12:26,Out
18,2/26/2014 18:24,Out
18,2/26/2014 18:56,In
18,2/26/2014 22:00,Out
18,2/27/2014 7:19,In
18,2/27/2014 11:23,Out
18,2/27/2014 12:26,In
18,2/27/2014 18:28,Out
18,2/27/2014 19:03,In
18,2/27/2014 21:56,Out
18,2/28/2014 7:19,In
18,3/1/2014 7:22,In
18,3/1/2014 11:24,Out
18,3/1/2014 12:26,In
18,3/1/2014 18:00,Out
18,3/2/2014 7:18,In
18,3/2/2014 11:24,Out
18,3/2/2014 12:23,In
18,3/2/2014 15:55,Out
19,2/1/2014 12:02,Out
19,2/1/2014 13:01,In
19,2/1/2014 18:06,In
19,2/1/2014 18:06,Out
19,2/2/2014 7:23,In
19,2/2/2014 11:30,Out
19,2/2/2014 12:26,In
19,2/2/2014 16:05,Out
19,2/3/2014 11:31,Out
19,2/3/2014 12:31,In
19,2/3/2014 18:31,Out
19,2/3/2014 19:02,In
19,2/3/2014 22:05,Out
19,2/4/2014 7:38,In
19,2/4/2014 11:32,Out
19,2/4/2014 12:27,In
19,2/4/2014 18:31,Out
19,2/4/2014 19:03,In
19,2/4/2014 22:01,Out
19,2/5/2014 7:42,In
19,2/5/2014 11:30,Out
19,2/5/2014 12:27,In
19,2/5/2014 18:31,Out
19,2/5/2014 19:02,In
19,2/5/2014 22:01,Out
19,2/6/2014 7:25,In
19,2/6/2014 11:31,Out
19,2/6/2014 12:26,In
19,2/6/2014 18:31,Out
19,2/6/2014 19:04,In
19,2/7/2014 11:32,Out
19,2/7/2014 12:29,In
19,2/7/2014 18:30,Out
19,2/7/2014 19:02,In
19,2/7/2014 22:08,Out
19,2/8/2014 7:27,In
19,2/8/2014 11:31,Out
19,2/8/2014 12:28,In
19,2/8/2014 18:08,Out
19,2/9/2014 8:54,In
19,2/9/2014 11:32,Out
19,2/9/2014 12:27,In
19,2/9/2014 16:04,Out
19,2/10/2014 11:31,Out
19,2/10/2014 12:28,In
19,2/10/2014 18:31,Out
19,2/10/2014 19:03,In
19,2/10/2014 22:01,Out
19,2/11/2014 7:24,In
19,2/11/2014 11:33,Out
19,2/11/2014 12:26,In
19,2/11/2014 18:31,Out
19,2/11/2014 19:03,In
19,2/11/2014 22:03,Out
19,2/12/2014 7:54,In
19,2/12/2014 11:31,Out
19,2/12/2014 12:28,In
19,2/12/2014 18:32,Out
19,2/12/2014 19:04,In
19,2/12/2014 22:02,Out
19,2/13/2014 7:48,In
19,2/13/2014 11:32,Out
19,2/13/2014 12:27,In
19,2/13/2014 18:33,Out
19,2/13/2014 19:03,In
19,2/13/2014 22:02,Out
19,2/14/2014 7:25,In
19,2/14/2014 11:31,Out
19,2/14/2014 12:30,In
19,2/14/2014 18:33,Out
19,2/14/2014 19:02,In
19,2/14/2014 22:03,Out
19,2/15/2014 7:51,In
19,2/15/2014 11:33,Out
19,2/15/2014 12:28,In
19,2/15/2014 18:32,Out
19,2/15/2014 19:04,In
19,2/15/2014 21:02,Out
19,2/16/2014 7:32,In
19,2/16/2014 11:32,Out
19,2/16/2014 12:32,In
19,2/16/2014 16:05,In
19,2/16/2014 16:05,Out
19,2/17/2014 11:29,Out
19,2/17/2014 12:26,In
19,2/17/2014 18:57,Out
19,2/17/2014 19:30,In
19,2/17/2014 21:57,Out
19,2/18/2014 8:13,In
19,2/18/2014 11:28,Out
19,2/18/2014 12:25,In
19,2/18/2014 18:28,Out
19,2/18/2014 19:02,In
19,2/18/2014 21:57,Out
19,2/19/2014 8:02,In
19,2/19/2014 11:28,Out
19,2/19/2014 12:23,In
19,2/19/2014 18:28,Out
19,2/19/2014 18:58,In
19,2/19/2014 21:57,Out
19,2/20/2014 7:53,In
19,2/20/2014 11:27,Out
19,2/20/2014 12:22,In
19,2/20/2014 18:26,Out
19,2/20/2014 18:59,In
19,2/20/2014 21:57,Out
19,2/21/2014 8:22,In
19,2/21/2014 11:28,Out
19,2/21/2014 12:25,In
19,2/21/2014 18:26,Out
19,2/21/2014 19:00,In
19,2/21/2014 21:57,Out
19,2/22/2014 10:04,In
19,2/22/2014 11:27,Out
19,2/22/2014 12:24,In
19,2/22/2014 18:26,Out
19,2/22/2014 18:57,In
19,2/22/2014 20:58,Out
19,2/23/2014 7:28,In
19,2/23/2014 11:27,Out
19,2/23/2014 12:23,In
19,2/23/2014 15:58,Out
19,2/24/2014 7:19,In
19,2/24/2014 11:27,Out
19,2/24/2014 12:20,In
19,2/24/2014 18:58,Out
19,2/24/2014 19:25,In
19,2/24/2014 21:56,Out
19,2/25/2014 7:20,In
19,2/25/2014 11:25,Out
19,2/25/2014 12:24,In
19,2/25/2014 18:27,Out
19,2/25/2014 18:59,In
19,2/25/2014 21:57,Out
19,2/26/2014 7:19,In
19,2/26/2014 11:25,Out
19,2/26/2014 12:25,In
19,2/26/2014 18:27,Out
19,2/26/2014 18:58,In
19,2/26/2014 21:57,Out
19,2/27/2014 7:20,In
19,2/27/2014 11:28,Out
19,2/27/2014 12:22,In
19,2/27/2014 18:28,Out
19,2/27/2014 19:01,In
19,2/27/2014 21:55,Out
19,2/28/2014 7:57,In
19,3/1/2014 7:22,In
19,3/1/2014 11:27,Out
19,3/1/2014 12:26,In
19,3/1/2014 18:06,Out
19,3/2/2014 7:23,In
19,3/2/2014 11:26,Out
19,3/2/2014 12:22,In
19,3/2/2014 15:58,Out
24,2/1/2014 12:16,Out
24,2/1/2014 12:39,In
24,2/1/2014 18:04,Out
24,2/2/2014 7:25,In
24,2/2/2014 12:06,Out
24,2/2/2014 12:28,In
24,2/2/2014 16:04,Out
24,2/3/2014 11:32,In
24,2/3/2014 12:32,In
24,2/3/2014 18:31,Out
24,2/3/2014 19:02,In
24,2/3/2014 22:04,Out
24,2/4/2014 12:09,Out
24,2/4/2014 12:29,In
24,2/4/2014 19:09,Out
24,2/4/2014 19:28,In
24,2/4/2014 22:19,Out
24,2/5/2014 7:22,In
24,2/5/2014 12:03,Out
24,2/5/2014 12:28,In
24,2/5/2014 19:08,Out
24,2/5/2014 19:29,In
24,2/5/2014 22:02,Out
24,2/6/2014 7:26,In
24,2/6/2014 12:02,Out
24,2/6/2014 12:27,In
24,2/6/2014 19:04,Out
24,2/6/2014 19:19,In
24,2/7/2014 12:03,Out
24,2/7/2014 12:24,In
24,2/7/2014 12:24,In
24,2/7/2014 19:04,Out
24,2/7/2014 19:24,In
24,2/7/2014 22:06,Out
24,2/8/2014 7:25,In
24,2/8/2014 12:07,Out
24,2/8/2014 12:27,In
24,2/8/2014 18:09,Out
24,2/9/2014 7:23,In
24,2/9/2014 12:07,Out
24,2/9/2014 12:28,In
24,2/9/2014 16:05,Out
24,2/10/2014 11:31,Out
24,2/10/2014 12:34,In
24,2/10/2014 18:31,Out
24,2/10/2014 19:03,In
24,2/10/2014 22:02,Out
24,2/11/2014 7:25,In
24,2/11/2014 11:31,Out
24,2/11/2014 12:30,In
24,2/11/2014 18:30,Out
24,2/11/2014 19:03,In
24,2/11/2014 22:03,Out
24,2/12/2014 7:23,In
24,2/12/2014 11:29,Out
24,2/12/2014 12:33,In
24,2/12/2014 18:30,Out
24,2/12/2014 19:04,In
24,2/12/2014 22:03,In
24,2/12/2014 22:03,Out
24,2/13/2014 7:25,In
24,2/13/2014 12:08,Out
24,2/13/2014 12:29,In
24,2/13/2014 18:32,Out
24,2/13/2014 19:04,Out
24,2/13/2014 22:02,Out
24,2/14/2014 7:26,In
24,2/14/2014 11:30,Out
24,2/14/2014 12:32,In
24,2/14/2014 18:30,Out
24,2/14/2014 19:03,In
24,2/14/2014 22:03,Out
24,2/15/2014 7:26,In
24,2/15/2014 11:33,Out
24,2/15/2014 12:30,In
24,2/15/2014 18:35,Out
24,2/15/2014 19:04,In
24,2/15/2014 21:00,Out
24,2/16/2014 7:24,In
24,2/16/2014 11:31,Out
24,2/16/2014 12:30,In
24,2/16/2014 16:03,Out
24,2/17/2014 11:25,Out
24,2/17/2014 12:28,In
24,2/17/2014 18:54,Out
24,2/17/2014 19:27,In
24,2/17/2014 21:57,Out
24,2/18/2014 7:20,In
24,2/18/2014 11:25,In
24,2/18/2014 11:25,Out
24,2/18/2014 12:28,In
24,2/18/2014 18:28,Out
24,2/18/2014 19:02,In
24,2/18/2014 21:54,Out
24,2/19/2014 7:20,In
24,2/19/2014 11:26,Out
24,2/19/2014 12:24,In
24,2/19/2014 18:26,Out
24,2/19/2014 19:00,In
24,2/19/2014 21:54,Out
24,2/20/2014 7:22,In
24,2/20/2014 11:26,Out
24,2/20/2014 12:24,In
24,2/20/2014 18:26,Out
24,2/20/2014 18:59,In
24,2/20/2014 21:57,In
24,2/21/2014 7:20,In
24,2/21/2014 11:25,Out
24,2/21/2014 12:26,In
24,2/21/2014 18:25,Out
24,2/21/2014 18:56,In
24,2/21/2014 21:57,Out
24,2/22/2014 7:21,In
24,2/22/2014 11:26,Out
24,2/22/2014 12:26,In
24,2/22/2014 18:25,Out
24,2/22/2014 18:59,Out
24,2/22/2014 20:54,Out
24,2/23/2014 7:20,In
24,2/23/2014 11:26,Out
24,2/23/2014 12:25,In
24,2/23/2014 15:55,Out
24,2/24/2014 7:33,In
24,2/24/2014 11:25,Out
24,2/24/2014 12:21,In
24,2/24/2014 18:55,Out
24,2/24/2014 19:26,In
24,2/24/2014 21:56,Out
24,2/25/2014 7:20,In
24,2/25/2014 11:25,Out
24,2/25/2014 12:26,In
24,2/25/2014 18:25,Out
24,2/25/2014 19:00,In
24,2/25/2014 21:57,Out
24,2/26/2014 7:20,In
24,2/26/2014 11:25,Out
24,2/26/2014 12:28,In
24,2/26/2014 18:25,Out
24,2/26/2014 18:58,In
24,2/26/2014 21:58,Out
24,2/27/2014 7:20,In
24,2/27/2014 11:27,Out
24,2/27/2014 12:26,In
24,2/27/2014 18:26,In
24,2/27/2014 18:26,Out
24,2/28/2014 7:23,In
24,3/1/2014 7:22,In
24,3/1/2014 11:26,Out
24,3/1/2014 12:27,In
24,3/1/2014 17:59,Out
24,3/2/2014 7:19,In
24,3/2/2014 11:24,Out
24,3/2/2014 12:23,In
24,3/2/2014 15:57,Out
33,2/1/2014 8:54,In
33,2/1/2014 12:02,Out
33,2/1/2014 13:00,In
33,2/1/2014 18:08,Out
33,2/2/2014 9:07,In
33,2/2/2014 12:01,Out
33,2/2/2014 13:00,In
33,2/2/2014 16:06,Out
33,2/3/2014 12:01,Out
33,2/3/2014 12:59,In
33,2/3/2014 19:01,Out
33,2/3/2014 19:26,In
33,2/3/2014 22:03,Out
33,2/4/2014 8:38,In
33,2/4/2014 12:03,Out
33,2/4/2014 13:01,In
33,2/4/2014 19:00,In
33,2/4/2014 19:27,In
33,2/4/2014 22:02,Out
33,2/5/2014 8:43,In
33,2/5/2014 12:02,Out
33,2/5/2014 12:56,In
33,2/5/2014 19:00,Out
33,2/5/2014 19:29,In
33,2/5/2014 22:01,Out
33,2/6/2014 8:39,In
33,2/6/2014 12:02,Out
33,2/6/2014 13:00,In
33,2/6/2014 19:03,In
33,2/6/2014 19:03,Out
33,2/6/2014 19:23,In
33,2/7/2014 9:08,In
33,2/7/2014 13:15,Out
33,2/7/2014 13:34,In
33,2/7/2014 18:15,Out
33,2/8/2014 9:20,In
33,2/8/2014 12:01,Out
33,2/8/2014 12:59,In
33,2/8/2014 18:59,Out
33,2/8/2014 19:33,In
33,2/9/2014 0:00,Out
33,2/10/2014 9:10,In
33,2/10/2014 12:01,Out
33,2/10/2014 12:59,In
33,2/10/2014 19:03,Out
33,2/11/2014 9:16,In
33,2/11/2014 12:02,Out
33,2/11/2014 12:59,In
33,2/11/2014 19:00,Out
33,2/11/2014 19:29,In
33,2/11/2014 22:00,Out
33,2/12/2014 8:42,In
33,2/12/2014 12:02,Out
33,2/12/2014 12:59,In
33,2/12/2014 19:01,Out
33,2/12/2014 19:29,In
33,2/12/2014 22:01,Out
33,2/13/2014 9:11,In
33,2/13/2014 12:02,Out
33,2/13/2014 13:00,In
33,2/13/2014 19:02,Out
33,2/13/2014 19:28,In
33,2/13/2014 22:02,Out
33,2/14/2014 8:53,In
33,2/14/2014 12:00,In
33,2/14/2014 13:00,In
33,2/14/2014 19:01,Out
33,2/14/2014 19:28,In
33,2/14/2014 22:02,Out
33,2/15/2014 8:25,In
33,2/15/2014 12:01,Out
33,2/15/2014 13:00,In
33,2/15/2014 19:01,Out
33,2/15/2014 19:27,In
33,2/15/2014 21:00,Out
33,2/16/2014 9:58,In
33,2/16/2014 12:02,Out
33,2/16/2014 13:00,In
33,2/16/2014 16:04,Out
33,2/17/2014 9:13,In
33,2/17/2014 11:57,Out
33,2/17/2014 12:54,In
33,2/17/2014 18:56,Out
33,2/17/2014 19:24,In
33,2/17/2014 21:55,Out
33,2/18/2014 8:50,In
33,2/18/2014 11:59,Out
33,2/18/2014 12:54,In
33,2/18/2014 18:57,Out
33,2/18/2014 19:23,In
33,2/18/2014 21:56,Out
33,2/19/2014 9:15,In
33,2/19/2014 11:56,Out
33,2/19/2014 12:53,In
33,2/19/2014 18:55,Out
33,2/19/2014 19:24,In
33,2/19/2014 21:54,Out
33,2/20/2014 9:11,In
33,2/20/2014 11:56,Out
33,2/20/2014 12:55,In
33,2/20/2014 18:56,Out
33,2/20/2014 19:21,In
33,2/20/2014 21:55,Out
33,2/21/2014 8:53,In
33,2/21/2014 11:58,Out
33,2/21/2014 12:54,In
33,2/21/2014 18:55,Out
33,2/21/2014 19:23,In
33,2/21/2014 21:56,Out
33,2/22/2014 8:59,In
33,2/22/2014 11:56,Out
33,2/22/2014 12:56,In
33,2/22/2014 18:57,Out
33,2/24/2014 9:05,In
33,2/24/2014 11:58,Out
33,2/24/2014 12:54,In
33,2/24/2014 18:56,Out
33,2/24/2014 19:25,In
33,2/24/2014 21:55,Out
33,2/25/2014 9:02,In
33,2/25/2014 11:56,Out
33,2/25/2014 12:54,In
33,2/25/2014 18:55,Out
33,2/25/2014 19:20,In
33,2/25/2014 21:56,Out
33,2/26/2014 9:06,In
33,2/26/2014 11:55,Out
33,2/26/2014 12:54,In
33,2/26/2014 18:56,Out
33,2/26/2014 19:23,In
33,2/26/2014 21:56,Out
33,2/27/2014 8:33,In
33,2/27/2014 11:55,Out
33,2/27/2014 12:54,In
33,2/27/2014 19:27,Out
33,2/27/2014 19:35,In
33,2/27/2014 21:54,Out
33,2/28/2014 9:09,In
33,3/1/2014 8:51,In
33,3/1/2014 11:55,Out
33,3/1/2014 12:54,In
33,3/1/2014 18:01,Out
33,3/2/2014 8:51,In
33,3/2/2014 11:55,Out
33,3/2/2014 12:54,In
33,3/2/2014 15:59,Out
34,2/1/2014 11:32,Out
34,2/1/2014 12:02,Out
34,2/1/2014 12:27,In
34,2/1/2014 18:04,Out
34,2/2/2014 7:24,In
34,2/2/2014 11:36,Out
34,2/2/2014 11:50,In
34,2/2/2014 16:03,Out
34,2/3/2014 11:31,In
34,2/3/2014 11:31,Out
34,2/3/2014 11:49,In
34,2/3/2014 18:29,Out
34,2/3/2014 18:54,In
34,2/3/2014 22:03,Out
34,2/4/2014 7:24,In
34,2/4/2014 11:33,Out
34,2/4/2014 11:52,In
34,2/4/2014 18:39,Out
34,2/4/2014 18:57,In
34,2/4/2014 22:01,Out
34,2/5/2014 7:28,In
34,2/5/2014 11:33,Out
34,2/5/2014 11:52,In
34,2/5/2014 18:37,Out
34,2/5/2014 18:57,In
34,2/5/2014 22:01,Out
34,2/6/2014 7:24,In
34,2/6/2014 11:35,Out
34,2/6/2014 18:30,Out
34,2/6/2014 18:50,In
34,2/7/2014 9:40,In
34,2/7/2014 11:45,Out
34,2/7/2014 16:01,In
34,2/7/2014 18:31,In
34,2/7/2014 18:31,Out
34,2/7/2014 18:52,In
34,2/7/2014 22:04,Out
34,2/8/2014 7:23,In
34,2/8/2014 11:32,Out
34,2/8/2014 11:53,In
34,2/8/2014 18:07,Out
34,2/9/2014 7:25,In
34,2/9/2014 11:34,Out
34,2/9/2014 11:58,In
34,2/9/2014 16:05,Out
34,2/10/2014 11:29,Out
34,2/10/2014 11:55,In
34,2/10/2014 18:32,Out
34,2/10/2014 18:49,In
34,2/10/2014 22:01,Out
34,2/11/2014 7:24,In
34,2/11/2014 11:36,Out
34,2/11/2014 11:36,Out
34,2/11/2014 11:58,In
34,2/11/2014 18:32,Out
34,2/11/2014 18:58,In
34,2/11/2014 22:01,In
34,2/12/2014 9:02,In
34,2/12/2014 11:32,Out
34,2/12/2014 18:32,Out
34,2/12/2014 18:52,In
34,2/12/2014 22:00,Out
34,2/13/2014 7:25,In
34,2/13/2014 11:33,Out
34,2/13/2014 11:58,In
34,2/13/2014 18:32,Out
34,2/13/2014 18:58,In
34,2/13/2014 22:00,Out
34,2/14/2014 7:25,In
34,2/14/2014 11:32,Out
34,2/14/2014 11:54,In
34,2/14/2014 18:31,Out
34,2/14/2014 18:57,In
34,2/14/2014 22:01,Out
34,2/15/2014 7:42,In
34,2/15/2014 11:31,Out
34,2/15/2014 11:56,In
34,2/15/2014 18:34,Out
34,2/15/2014 18:58,In
34,2/15/2014 21:01,Out
34,2/16/2014 7:26,In
34,2/16/2014 11:33,Out
34,2/16/2014 11:56,In
34,2/16/2014 16:05,Out
34,2/17/2014 11:27,Out
34,2/17/2014 11:49,In
34,2/17/2014 18:26,Out
34,2/17/2014 18:53,In
34,2/17/2014 21:56,Out
34,2/18/2014 7:20,In
34,2/18/2014 11:27,In
34,2/18/2014 11:27,Out
34,2/18/2014 11:48,In
34,2/18/2014 18:28,Out
34,2/18/2014 18:49,In
34,2/18/2014 21:56,Out
34,2/19/2014 7:20,In
34,2/19/2014 11:27,Out
34,2/19/2014 11:46,In
34,2/19/2014 18:28,Out
34,2/19/2014 18:53,In
34,2/19/2014 21:56,Out
34,2/20/2014 7:23,In
34,2/20/2014 11:30,Out
34,2/20/2014 11:53,Out
34,2/20/2014 11:53,In
34,2/20/2014 18:24,Out
34,2/20/2014 18:54,In
34,2/20/2014 21:55,Out
34,2/21/2014 7:34,In
34,2/21/2014 11:30,Out
34,2/21/2014 11:49,In
34,2/21/2014 18:28,Out
34,2/21/2014 18:51,In
34,2/21/2014 21:54,Out
34,2/22/2014 7:21,In
34,2/22/2014 11:27,Out
34,2/22/2014 11:51,In
34,2/22/2014 18:25,Out
34,2/22/2014 18:42,In
34,2/22/2014 20:57,Out
34,2/23/2014 7:22,In
34,2/23/2014 11:24,In
34,2/23/2014 11:24,Out
34,2/23/2014 11:47,In
34,2/23/2014 15:57,Out
34,2/24/2014 7:21,In
34,2/24/2014 11:27,Out
34,2/24/2014 11:49,In
34,2/24/2014 18:53,In
34,2/24/2014 18:53,Out
34,2/24/2014 21:55,Out
34,2/25/2014 7:22,In
34,2/25/2014 11:31,Out
34,2/25/2014 11:51,In
34,2/25/2014 18:28,Out
34,2/25/2014 18:53,In
34,2/25/2014 21:56,Out
34,2/26/2014 7:22,In
34,2/26/2014 11:26,Out
34,2/26/2014 11:45,In
34,2/26/2014 18:29,Out
34,2/26/2014 18:49,In
34,2/26/2014 21:57,Out
34,2/27/2014 7:20,In
34,2/27/2014 11:28,Out
34,2/27/2014 11:53,In
34,2/27/2014 18:29,Out
34,2/27/2014 18:53,In
34,2/27/2014 21:54,Out
37,2/1/2014 12:16,Out
37,2/1/2014 12:39,In
37,2/1/2014 18:05,Out
37,2/2/2014 7:23,In
37,2/2/2014 12:05,Out
37,2/2/2014 12:25,In
37,2/2/2014 16:05,Out
37,2/3/2014 12:02,In
37,2/3/2014 12:29,In
37,2/3/2014 19:06,Out
37,2/3/2014 19:25,In
37,2/3/2014 22:03,Out
37,2/5/2014 7:26,In
37,2/5/2014 12:11,Out
37,2/5/2014 12:29,In
37,2/5/2014 19:08,Out
37,2/5/2014 19:29,In
37,2/5/2014 22:01,Out
37,2/6/2014 7:25,In
37,2/6/2014 12:02,Out
37,2/6/2014 12:32,In
37,2/6/2014 19:04,Out
37,2/6/2014 19:22,In
37,2/7/2014 11:33,Out
37,2/7/2014 11:52,In
37,2/7/2014 19:05,Out
37,2/7/2014 19:27,In
37,2/7/2014 22:04,Out
37,2/8/2014 7:26,In
37,2/8/2014 12:10,Out
37,2/8/2014 12:33,In
37,2/8/2014 18:07,Out
37,2/9/2014 7:28,In
37,2/9/2014 12:07,Out
37,2/9/2014 12:29,In
37,2/9/2014 16:05,Out
37,2/10/2014 12:02,Out
37,2/10/2014 12:26,In
37,2/10/2014 19:04,Out
37,2/10/2014 19:25,In
37,2/10/2014 22:02,In
37,2/11/2014 7:27,In
37,2/11/2014 12:04,Out
37,2/11/2014 12:26,In
37,2/11/2014 19:05,Out
37,2/11/2014 19:28,In
37,2/11/2014 22:02,Out
37,2/12/2014 7:25,In
37,2/12/2014 12:02,In
37,2/12/2014 12:25,In
37,2/12/2014 19:04,Out
37,2/12/2014 19:25,In
37,2/12/2014 22:02,Out
37,2/13/2014 7:27,In
37,2/13/2014 12:05,Out
37,2/13/2014 12:27,In
37,2/13/2014 19:02,Out
37,2/13/2014 19:23,In
37,2/13/2014 22:01,Out
37,2/14/2014 7:28,In
37,2/14/2014 12:04,Out
37,2/14/2014 12:30,In
37,2/14/2014 22:02,Out
37,2/15/2014 7:43,In
37,2/15/2014 12:05,Out
37,2/15/2014 12:29,In
37,2/15/2014 18:17,Out
37,2/16/2014 7:23,In
37,2/16/2014 12:04,Out
37,2/16/2014 12:25,In
37,2/16/2014 16:05,Out
37,2/17/2014 11:58,Out
37,2/17/2014 12:21,In
37,2/17/2014 19:03,Out
37,2/17/2014 19:26,In
37,2/17/2014 21:56,In
37,2/18/2014 7:19,In
37,2/18/2014 12:03,Out
37,2/18/2014 12:26,In
37,2/18/2014 18:59,Out
37,2/18/2014 19:16,In
37,2/18/2014 21:57,Out
37,2/19/2014 7:21,In
37,2/19/2014 11:57,Out
37,2/19/2014 12:19,In
37,2/19/2014 19:04,Out
37,2/19/2014 19:20,In
37,2/19/2014 21:56,In
37,2/20/2014 7:23,In
37,2/20/2014 12:02,Out
37,2/20/2014 12:23,In
37,2/20/2014 18:54,Out
37,2/20/2014 19:20,In
37,2/20/2014 21:56,Out
37,2/21/2014 7:21,In
37,2/21/2014 11:57,Out
37,2/21/2014 12:21,In
37,2/21/2014 19:01,Out
37,2/21/2014 19:23,In
37,2/21/2014 21:54,Out
37,2/22/2014 7:22,In
37,2/22/2014 12:02,Out
37,2/22/2014 12:26,In
37,2/22/2014 18:54,Out
37,2/22/2014 19:21,In
37,2/22/2014 20:58,Out
37,2/23/2014 7:21,In
37,2/23/2014 12:01,Out
37,2/23/2014 12:20,In
37,2/23/2014 15:58,Out
37,2/24/2014 7:54,In
37,2/24/2014 11:57,Out
37,2/24/2014 12:16,In
37,2/24/2014 18:57,Out
37,2/24/2014 19:20,In
37,2/24/2014 21:55,In
37,2/25/2014 7:22,In
37,2/25/2014 12:02,In
37,2/25/2014 12:25,In
37,2/25/2014 18:55,In
37,2/25/2014 19:18,In
37,2/25/2014 21:56,Out
37,2/26/2014 7:25,In
37,2/26/2014 11:58,Out
37,2/26/2014 12:21,In
37,2/26/2014 18:59,Out
37,2/26/2014 19:23,In
37,2/26/2014 21:57,In
37,2/27/2014 7:23,In
37,2/27/2014 12:02,Out
37,2/27/2014 12:20,In
37,2/27/2014 18:59,Out
37,2/27/2014 19:24,In
37,2/27/2014 21:54,Out
37,2/28/2014 7:45,In
37,3/1/2014 7:28,In
37,3/1/2014 11:27,Out
37,3/1/2014 11:48,In
37,3/1/2014 18:06,In
37,3/2/2014 7:22,In
37,3/2/2014 11:26,Out
37,3/2/2014 11:52,In
37,3/2/2014 15:59,Out
44,2/3/2014 12:00,Out
44,2/3/2014 12:58,In
44,2/3/2014 19:01,Out
44,2/3/2014 19:27,In
44,2/3/2014 22:03,Out
44,2/4/2014 7:51,In
44,2/4/2014 12:02,Out
44,2/4/2014 12:59,In
44,2/4/2014 19:00,In
44,2/4/2014 19:27,In
44,2/4/2014 22:11,Out
44,2/5/2014 7:44,In
44,2/5/2014 12:00,Out
44,2/5/2014 12:55,In
44,2/5/2014 19:00,Out
44,2/5/2014 19:28,In
44,2/5/2014 21:58,Out
44,2/6/2014 7:26,In
44,2/6/2014 12:03,Out
44,2/6/2014 12:59,In
44,2/6/2014 19:01,Out
44,2/6/2014 19:25,In
44,2/7/2014 12:02,In
44,2/7/2014 13:01,In
44,2/7/2014 19:00,Out
44,2/7/2014 19:29,In
44,2/7/2014 22:01,Out
44,2/8/2014 7:30,In
44,2/8/2014 12:01,Out
44,2/8/2014 13:01,In
44,2/8/2014 18:58,In
44,2/8/2014 19:42,In
44,2/9/2014 0:00,Out
44,2/9/2014 8:42,In
44,2/9/2014 12:00,Out
44,2/9/2014 13:00,In
44,2/9/2014 16:05,Out
44,2/10/2014 12:01,Out
44,2/10/2014 12:59,In
44,2/10/2014 19:01,Out
44,2/11/2014 7:24,In
44,2/11/2014 12:02,Out
44,2/11/2014 12:57,In
44,2/11/2014 19:00,Out
44,2/11/2014 19:30,In
44,2/11/2014 22:02,Out
44,2/12/2014 7:31,In
44,2/12/2014 12:02,Out
44,2/12/2014 12:58,In
44,2/12/2014 19:01,Out
44,2/12/2014 19:29,In
44,2/12/2014 22:00,Out
44,2/13/2014 7:26,In
44,2/13/2014 12:02,Out
44,2/13/2014 13:00,In
44,2/13/2014 19:01,Out
44,2/13/2014 19:29,In
44,2/13/2014 22:00,Out
44,2/14/2014 7:50,In
44,2/14/2014 12:00,Out
44,2/14/2014 13:00,In
44,2/14/2014 19:02,Out
44,2/14/2014 19:25,In
44,2/14/2014 22:01,Out
44,2/15/2014 7:35,In
44,2/15/2014 12:01,In
44,2/15/2014 13:00,In
44,2/15/2014 19:02,Out
44,2/15/2014 19:27,In
44,2/15/2014 20:59,Out
44,2/16/2014 7:24,In
44,2/16/2014 12:02,Out
44,2/16/2014 13:00,In
44,2/16/2014 16:04,In
44,2/17/2014 11:56,In
44,2/17/2014 12:50,In
44,2/17/2014 18:56,Out
44,2/17/2014 19:25,In
44,2/17/2014 21:55,Out
44,2/18/2014 7:19,In
44,2/18/2014 11:55,Out
44,2/18/2014 12:52,In
44,2/18/2014 18:56,Out
44,2/18/2014 19:23,In
44,2/18/2014 21:54,Out
44,2/19/2014 7:23,Out
44,2/19/2014 11:56,Out
44,2/19/2014 12:51,In
44,2/19/2014 18:55,Out
44,2/19/2014 19:25,In
44,2/19/2014 21:54,Out
44,2/20/2014 7:23,In
44,2/20/2014 11:55,Out
44,2/20/2014 12:54,In
44,2/20/2014 18:56,Out
44,2/20/2014 19:20,In
44,2/20/2014 21:55,Out
44,2/21/2014 7:21,In
44,2/21/2014 11:57,Out
44,2/21/2014 12:54,In
44,2/21/2014 18:55,Out
44,2/21/2014 19:22,In
44,2/21/2014 21:55,Out
44,2/22/2014 7:45,In
44,2/22/2014 11:55,Out
44,2/22/2014 12:54,In
44,2/22/2014 18:56,Out
44,2/22/2014 19:25,In
44,2/22/2014 20:54,Out
44,2/23/2014 7:25,In
44,2/23/2014 11:55,Out
44,2/23/2014 12:54,In
44,2/23/2014 15:58,Out
44,2/24/2014 11:55,Out
44,2/24/2014 12:53,In
44,2/24/2014 18:55,Out
44,2/24/2014 18:55,Out
44,2/24/2014 19:24,In
44,2/24/2014 21:55,In
44,2/25/2014 7:22,In
44,2/25/2014 11:57,Out
44,2/25/2014 12:54,In
44,2/25/2014 18:55,Out
44,2/25/2014 19:20,In
44,2/25/2014 21:54,Out
44,2/26/2014 7:22,In
44,2/26/2014 11:55,Out
44,2/26/2014 12:53,In
44,2/26/2014 18:56,Out
44,2/26/2014 19:24,In
44,2/26/2014 21:56,Out
44,2/27/2014 7:20,In
44,2/27/2014 11:55,Out
44,2/27/2014 12:54,In
44,2/27/2014 19:27,Out
44,2/27/2014 19:39,In
44,2/27/2014 21:53,Out
44,2/28/2014 7:39,In
44,3/1/2014 7:44,In
44,3/1/2014 11:55,Out
44,3/1/2014 12:55,In
44,3/1/2014 18:01,Out
44,3/2/2014 11:54,Out
44,3/2/2014 12:55,In
44,3/2/2014 15:57,Out
45,2/1/2014 13:31,In
45,2/3/2014 12:58,In
45,2/3/2014 20:01,Out
45,2/8/2014 18:13,Out
45,2/11/2014 10:19,In
45,2/11/2014 12:58,In
45,2/12/2014 10:04,In
45,2/12/2014 12:59,In
45,2/15/2014 12:06,In
45,2/15/2014 13:00,In
46,2/1/2014 8:41,In
46,2/1/2014 12:03,Out
46,2/1/2014 13:00,In
46,2/1/2014 18:03,Out
46,2/2/2014 9:01,In
46,2/2/2014 11:34,Out
46,2/2/2014 12:25,In
46,2/2/2014 16:06,Out
46,2/4/2014 8:39,In
46,2/4/2014 12:18,In
46,2/4/2014 12:18,Out
46,2/4/2014 12:30,In
46,2/4/2014 18:38,Out
46,2/4/2014 18:59,In
46,2/4/2014 21:59,Out
46,2/5/2014 8:52,In
46,2/5/2014 11:33,Out
46,2/5/2014 11:49,In
46,2/5/2014 18:32,Out
46,2/5/2014 18:53,In
46,2/5/2014 21:57,Out
46,2/6/2014 8:48,In
46,2/6/2014 11:48,Out
46,2/6/2014 12:25,In
46,2/6/2014 18:33,Out
46,2/6/2014 18:52,In
46,2/7/2014 9:27,In
46,2/7/2014 11:31,Out
46,2/7/2014 12:39,In
46,2/7/2014 18:31,Out
46,2/7/2014 18:58,In
46,2/7/2014 22:03,Out
46,2/8/2014 10:56,In
46,2/8/2014 11:46,Out
46,2/8/2014 11:46,In
46,2/8/2014 18:30,Out
46,2/9/2014 9:14,In
46,2/9/2014 11:32,Out
46,2/9/2014 11:42,In
46,2/9/2014 16:04,Out
46,2/10/2014 11:56,Out
46,2/10/2014 12:05,In
46,2/10/2014 18:33,Out
46,2/10/2014 18:43,In
46,2/10/2014 21:58,Out
46,2/11/2014 8:54,In
46,2/11/2014 11:36,Out
46,2/11/2014 12:24,In
46,2/11/2014 18:33,Out
46,2/11/2014 18:49,In
46,2/11/2014 22:02,Out
46,2/12/2014 8:52,In
46,2/12/2014 11:42,Out
46,2/12/2014 11:42,In
46,2/12/2014 18:33,Out
46,2/12/2014 18:44,In
46,2/12/2014 21:59,Out
46,2/13/2014 9:06,In
46,2/13/2014 11:32,Out
46,2/13/2014 11:46,In
46,2/13/2014 18:37,Out
46,2/13/2014 18:48,In
46,2/13/2014 22:01,Out
46,2/14/2014 9:12,In
46,2/14/2014 11:31,In
46,2/14/2014 11:32,In
46,2/14/2014 18:35,Out
46,2/14/2014 18:59,In
46,2/14/2014 22:00,Out
46,2/15/2014 11:04,In
46,2/15/2014 11:35,Out
46,2/15/2014 11:36,In
46,2/15/2014 18:30,Out
46,2/15/2014 18:59,In
46,2/15/2014 20:58,Out
46,2/16/2014 8:51,In
46,2/16/2014 11:33,Out
46,2/16/2014 12:27,In
46,2/16/2014 16:06,Out
46,2/17/2014 9:07,In
46,2/17/2014 12:55,Out
46,2/17/2014 13:06,In
46,2/17/2014 18:56,Out
46,2/17/2014 19:24,In
46,2/17/2014 21:54,Out
46,2/18/2014 8:51,In
46,2/18/2014 11:28,Out
46,2/18/2014 11:42,In
46,2/18/2014 18:28,Out
46,2/18/2014 18:53,In
46,2/18/2014 21:54,Out
46,2/19/2014 9:05,In
46,2/19/2014 11:54,Out
46,2/19/2014 12:16,In
46,2/19/2014 18:29,Out
46,2/19/2014 18:54,In
46,2/19/2014 21:54,Out
46,2/20/2014 9:09,In
46,2/20/2014 12:07,Out
46,2/20/2014 12:27,In
46,2/20/2014 18:27,Out
46,2/20/2014 18:54,In
46,2/20/2014 21:55,Out
46,2/21/2014 8:48,In
46,2/21/2014 12:44,Out
46,2/21/2014 12:59,In
46,2/21/2014 18:29,Out
46,2/21/2014 18:49,In
46,2/21/2014 21:55,Out
46,2/22/2014 11:49,In
46,2/22/2014 18:26,Out
46,2/22/2014 18:54,In
46,2/22/2014 20:53,Out
46,2/23/2014 8:55,In
46,2/23/2014 11:26,Out
46,2/23/2014 12:22,In
46,2/23/2014 15:57,Out
46,2/24/2014 8:30,In
46,2/24/2014 12:17,In
46,2/24/2014 19:00,Out
46,2/24/2014 19:24,In
46,2/24/2014 21:54,Out
46,2/25/2014 8:50,In
46,2/25/2014 12:10,Out
46,2/25/2014 12:29,In
46,2/25/2014 18:28,Out
46,2/25/2014 18:54,In
46,2/25/2014 21:54,Out
46,2/26/2014 8:46,In
46,2/26/2014 12:05,Out
46,2/26/2014 12:27,Out
46,2/26/2014 18:27,Out
46,2/26/2014 18:27,Out
46,2/26/2014 18:49,In
46,2/26/2014 21:56,Out
46,2/27/2014 8:47,Out
46,2/27/2014 11:27,Out
46,2/27/2014 12:44,In
46,2/27/2014 18:28,Out
46,2/27/2014 18:54,In
46,2/27/2014 21:53,Out
46,3/1/2014 9:12,In
46,3/1/2014 11:28,Out
46,3/1/2014 12:24,In
46,3/1/2014 17:59,Out
46,3/2/2014 9:02,In
46,3/2/2014 11:29,Out
46,3/2/2014 12:20,In
46,3/2/2014 12:20,In
46,3/2/2014 15:56,Out
47,2/1/2014 8:41,In
47,2/1/2014 12:52,Out
47,2/1/2014 12:52,In
47,2/1/2014 18:05,Out
47,2/2/2014 8:34,In
47,2/2/2014 12:07,Out
47,2/2/2014 12:25,In
47,2/2/2014 16:03,Out
47,2/3/2014 12:04,Out
47,2/3/2014 12:29,In
47,2/3/2014 19:07,In
47,2/3/2014 19:25,In
47,2/3/2014 22:03,Out
47,2/4/2014 8:05,In
47,2/4/2014 12:08,Out
47,2/4/2014 12:29,In
47,2/4/2014 19:09,Out
47,2/4/2014 19:28,In
47,2/4/2014 22:01,Out
47,2/5/2014 7:48,In
47,2/5/2014 12:05,Out
47,2/5/2014 12:28,In
47,2/5/2014 19:07,Out
47,2/5/2014 19:29,In
47,2/5/2014 22:01,Out
47,2/6/2014 8:19,In
47,2/6/2014 12:01,Out
47,2/6/2014 12:27,In
47,2/6/2014 19:04,In
47,2/6/2014 19:19,In
47,2/7/2014 12:03,Out
47,2/7/2014 12:24,In
47,2/7/2014 19:04,Out
47,2/7/2014 19:26,In
47,2/7/2014 22:03,Out
47,2/8/2014 8:06,In
47,2/8/2014 12:10,Out
47,2/8/2014 12:32,In
47,2/8/2014 18:14,Out
47,2/10/2014 12:07,Out
47,2/10/2014 12:28,In
47,2/10/2014 19:04,Out
47,2/10/2014 19:20,In
47,2/10/2014 22:01,Out
47,2/11/2014 8:24,In
47,2/11/2014 12:06,Out
47,2/11/2014 12:26,In
47,2/11/2014 19:06,Out
47,2/11/2014 19:28,In
47,2/11/2014 19:28,In
47,2/11/2014 22:01,Out
47,2/12/2014 8:05,In
47,2/12/2014 12:01,Out
47,2/12/2014 12:24,In
47,2/12/2014 19:05,Out
47,2/12/2014 19:26,In
47,2/12/2014 22:00,Out
47,2/13/2014 8:16,In
47,2/13/2014 12:05,Out
47,2/13/2014 12:27,In
47,2/13/2014 19:02,Out
47,2/13/2014 19:21,In
47,2/13/2014 22:00,Out
47,2/14/2014 8:09,In
47,2/14/2014 12:05,Out
47,2/14/2014 12:28,In
47,2/14/2014 19:03,Out
47,2/14/2014 19:20,In
47,2/14/2014 22:00,Out
47,2/15/2014 8:30,In
47,2/15/2014 12:08,Out
47,2/15/2014 12:29,In
47,2/15/2014 19:10,Out
47,2/15/2014 19:29,In
47,2/15/2014 21:01,Out
47,2/17/2014 11:58,Out
47,2/17/2014 12:20,In
47,2/17/2014 19:03,Out
47,2/17/2014 19:26,In
47,2/17/2014 21:56,Out
47,2/18/2014 8:15,In
47,2/18/2014 12:03,Out
47,2/18/2014 12:24,In
47,2/18/2014 18:59,Out
47,2/18/2014 19:16,In
47,2/18/2014 21:56,Out
47,2/19/2014 12:00,Out
47,2/19/2014 12:18,In
47,2/19/2014 19:04,Out
47,2/19/2014 19:23,In
47,2/19/2014 21:56,Out
47,2/20/2014 7:56,In
47,2/20/2014 12:03,Out
47,2/20/2014 12:30,In
47,2/20/2014 18:57,Out
47,2/20/2014 19:22,In
47,2/20/2014 21:56,Out
47,2/21/2014 8:03,In
47,2/21/2014 11:57,Out
47,2/21/2014 12:20,In
47,2/21/2014 19:02,Out
47,2/21/2014 19:22,In
47,2/21/2014 21:55,Out
47,2/22/2014 8:10,In
47,2/22/2014 12:03,Out
47,2/22/2014 12:26,In
47,2/22/2014 18:55,Out
47,2/22/2014 19:25,In
47,2/22/2014 20:57,Out
47,2/24/2014 8:16,In
47,2/24/2014 11:57,Out
47,2/24/2014 12:16,In
47,2/24/2014 18:57,Out
47,2/24/2014 19:22,In
47,2/24/2014 21:54,Out
47,2/25/2014 7:46,In
47,2/25/2014 12:03,Out
47,2/25/2014 12:27,In
47,2/25/2014 18:56,Out
47,2/25/2014 19:18,In
47,2/25/2014 21:55,Out
47,2/26/2014 8:05,In
47,2/26/2014 12:00,Out
47,2/26/2014 12:21,In
47,2/26/2014 19:00,Out
47,2/26/2014 19:21,In
47,2/26/2014 21:56,Out
47,2/27/2014 8:02,In
47,2/27/2014 12:01,Out
47,2/27/2014 12:21,In
47,2/27/2014 19:00,Out
47,2/27/2014 19:21,In
47,2/27/2014 21:54,Out
47,2/28/2014 7:55,In
47,3/1/2014 8:13,In
47,3/1/2014 12:25,In
47,3/1/2014 18:06,Out
48,2/1/2014 8:08,In
48,2/1/2014 12:01,Out
48,2/1/2014 12:01,In
48,2/1/2014 18:05,Out
48,2/3/2014 12:00,Out
48,2/3/2014 12:00,In
48,2/3/2014 19:00,In
48,2/3/2014 19:00,In
48,2/3/2014 21:03,Out
48,2/4/2014 8:05,In
48,2/4/2014 12:00,Out
48,2/4/2014 12:01,In
48,2/4/2014 18:08,Out
48,2/5/2014 7:49,In
48,2/5/2014 12:00,Out
48,2/5/2014 12:00,In
48,2/5/2014 19:00,In
48,2/5/2014 19:00,In
48,2/5/2014 21:01,Out
48,2/6/2014 7:43,In
48,2/6/2014 12:00,Out
48,2/6/2014 12:00,In
48,2/6/2014 19:00,In
48,2/6/2014 19:00,In
48,2/7/2014 12:01,Out
48,2/7/2014 12:01,In
48,2/7/2014 19:01,Out
48,2/7/2014 19:01,In
48,2/7/2014 21:01,Out
48,2/8/2014 8:05,In
48,2/8/2014 12:00,Out
48,2/8/2014 12:00,In
48,2/8/2014 18:04,Out
48,2/10/2014 12:25,Out
48,2/10/2014 12:25,In
48,2/10/2014 18:05,Out
48,2/11/2014 8:02,In
48,2/11/2014 12:01,Out
48,2/11/2014 12:02,In
48,2/11/2014 18:10,Out
48,2/12/2014 7:52,In
48,2/12/2014 12:03,Out
48,2/12/2014 12:03,In
48,2/12/2014 19:05,In
48,2/12/2014 19:05,Out
48,2/12/2014 21:00,Out
48,2/13/2014 7:49,In
48,2/13/2014 12:05,Out
48,2/13/2014 12:05,In
48,2/13/2014 19:01,Out
48,2/13/2014 19:01,In
48,2/13/2014 21:01,Out
48,2/14/2014 7:48,In
48,2/14/2014 12:05,Out
48,2/14/2014 12:05,In
48,2/14/2014 19:03,In
48,2/14/2014 19:03,In
48,2/14/2014 21:03,Out
48,2/15/2014 12:09,Out
48,2/15/2014 12:09,In
48,2/15/2014 19:03,Out
48,2/17/2014 11:56,Out
48,2/17/2014 11:56,In
48,2/17/2014 18:55,Out
48,2/17/2014 18:55,In
48,2/17/2014 20:56,Out
48,2/18/2014 7:45,In
48,2/18/2014 11:55,Out
48,2/18/2014 11:55,In
48,2/18/2014 18:59,Out
48,2/18/2014 18:59,In
48,2/18/2014 20:58,Out
48,2/19/2014 7:57,In
48,2/19/2014 11:57,In
48,2/19/2014 11:57,In
48,2/19/2014 18:56,Out
48,2/19/2014 18:56,In
48,2/19/2014 21:00,Out
48,2/20/2014 10:57,In
48,2/20/2014 11:55,Out
48,2/20/2014 11:55,In
48,2/20/2014 18:56,Out
48,2/20/2014 18:56,In
48,2/20/2014 21:03,Out
48,2/21/2014 7:58,In
48,2/21/2014 11:56,Out
48,2/21/2014 11:56,In
48,2/21/2014 18:55,Out
48,2/21/2014 18:55,In
48,2/21/2014 21:05,Out
48,2/22/2014 7:38,In
48,2/22/2014 12:10,Out
48,2/22/2014 12:10,In
48,2/22/2014 18:55,Out
48,2/22/2014 18:55,In
48,2/22/2014 20:54,Out
48,2/23/2014 8:08,In
48,2/23/2014 11:55,Out
48,2/23/2014 11:55,In
48,2/23/2014 15:57,In
48,2/24/2014 7:47,In
48,2/24/2014 11:57,Out
48,2/24/2014 11:57,In
48,2/24/2014 18:56,Out
48,2/24/2014 18:56,In
48,2/24/2014 21:00,Out
48,2/25/2014 7:36,In
48,2/25/2014 11:56,Out
48,2/25/2014 11:56,In
48,2/25/2014 18:55,Out
48,2/25/2014 18:55,In
48,2/25/2014 20:59,Out
48,2/26/2014 7:42,In
48,2/26/2014 11:56,Out
48,2/26/2014 11:56,In
48,2/26/2014 18:56,In
48,2/26/2014 18:56,In
48,2/26/2014 20:58,Out
48,2/27/2014 7:53,In
48,2/27/2014 11:55,Out
48,2/27/2014 11:55,In
48,2/27/2014 19:00,Out
48,2/27/2014 19:00,In
48,2/27/2014 20:58,Out
48,2/28/2014 7:57,In
48,3/1/2014 8:13,In
48,3/1/2014 11:56,Out
48,3/1/2014 11:57,In
48,3/1/2014 17:58,Out
49,2/1/2014 8:23,In
49,2/3/2014 12:03,Out
49,2/3/2014 13:01,In
49,2/3/2014 18:59,Out
49,2/3/2014 19:27,In
49,2/3/2014 21:18,Out
49,2/4/2014 7:51,In
49,2/4/2014 17:16,In
49,2/4/2014 19:03,Out
49,2/5/2014 7:40,In
49,2/6/2014 8:09,In
49,2/7/2014 16:21,In
49,2/7/2014 18:59,Out
49,2/8/2014 7:42,In
49,2/8/2014 12:00,Out
49,2/8/2014 13:02,In
49,2/10/2014 9:05,In
49,2/11/2014 7:39,In
49,2/12/2014 7:30,In
49,2/13/2014 7:54,In
49,2/13/2014 19:20,In
49,2/13/2014 22:01,Out
49,2/14/2014 8:02,In
49,2/14/2014 18:59,In
49,2/14/2014 22:02,Out
49,2/15/2014 7:44,In
49,2/17/2014 18:28,In
49,2/17/2014 21:55,Out
49,2/18/2014 7:44,In
49,2/18/2014 18:48,In
49,2/18/2014 21:55,Out
49,2/19/2014 7:42,In
49,2/19/2014 18:52,In
49,2/19/2014 21:55,Out
49,2/20/2014 7:55,In
49,2/20/2014 18:16,In
49,2/20/2014 21:56,Out
49,2/21/2014 7:45,In
49,2/21/2014 18:53,In
49,2/21/2014 21:56,Out
49,2/22/2014 7:52,In
49,2/24/2014 8:11,In
49,2/24/2014 18:38,In
49,2/24/2014 21:54,Out
49,2/25/2014 7:53,In
49,2/25/2014 18:50,In
49,2/25/2014 21:56,Out
49,2/26/2014 8:14,In
49,2/26/2014 18:54,In
49,2/26/2014 21:57,Out
49,2/27/2014 7:46,In
49,2/27/2014 18:52,In
49,2/27/2014 21:55,Out
49,2/28/2014 7:41,In
49,3/1/2014 7:47,In
62,2/1/2014 8:23,In
62,2/1/2014 12:00,Out
62,2/1/2014 13:04,In
62,2/1/2014 18:09,Out
62,2/2/2014 7:24,In
62,2/2/2014 11:30,Out
62,2/2/2014 12:32,In
62,2/2/2014 16:06,Out
62,2/3/2014 11:29,Out
62,2/3/2014 12:34,In
62,2/3/2014 18:33,Out
62,2/3/2014 19:07,In
62,2/3/2014 22:03,Out
62,2/4/2014 8:05,In
62,2/4/2014 11:32,Out
62,2/4/2014 12:27,In
62,2/4/2014 19:03,Out
62,2/4/2014 19:27,In
62,2/4/2014 22:20,In
62,2/4/2014 22:20,Out
62,2/5/2014 7:41,In
62,2/5/2014 11:31,Out
62,2/5/2014 12:30,In
62,2/5/2014 18:30,In
62,2/5/2014 18:30,Out
62,2/5/2014 19:03,In
62,2/5/2014 21:59,Out
62,2/6/2014 8:27,In
62,2/6/2014 11:31,Out
62,2/6/2014 12:30,In
62,2/6/2014 18:31,Out
62,2/6/2014 19:03,In
62,2/7/2014 11:30,Out
62,2/7/2014 12:30,In
62,2/7/2014 18:30,Out
62,2/7/2014 19:03,In
62,2/7/2014 22:04,Out
62,2/8/2014 7:40,In
62,2/8/2014 11:32,Out
62,2/8/2014 12:31,In
62,2/8/2014 18:28,Out
62,2/9/2014 7:24,In
62,2/9/2014 11:31,Out
62,2/9/2014 12:32,In
62,2/9/2014 16:05,Out
62,2/11/2014 8:58,In
62,2/11/2014 11:32,Out
62,2/11/2014 12:34,In
62,2/11/2014 18:30,Out
62,2/11/2014 19:02,In
62,2/11/2014 22:02,Out
62,2/12/2014 7:30,In
62,2/12/2014 11:30,Out
62,2/12/2014 12:33,In
62,2/12/2014 18:31,Out
62,2/12/2014 19:03,In
62,2/12/2014 22:04,Out
62,2/13/2014 7:54,In
62,2/13/2014 11:31,Out
62,2/13/2014 12:30,In
62,2/13/2014 18:31,Out
62,2/13/2014 19:02,In
62,2/13/2014 22:02,Out
62,2/14/2014 8:24,In
62,2/14/2014 11:30,Out
62,2/14/2014 12:34,In
62,2/14/2014 18:32,Out
62,2/14/2014 19:02,In
62,2/14/2014 22:03,Out
62,2/15/2014 8:01,In
62,2/15/2014 11:32,Out
62,2/15/2014 12:31,In
62,2/15/2014 18:32,Out
62,2/15/2014 19:03,In
62,2/15/2014 21:00,In
62,2/15/2014 21:01,Out
62,2/16/2014 7:24,In
62,2/16/2014 11:31,Out
62,2/16/2014 12:32,In
62,2/16/2014 16:04,Out
62,2/17/2014 11:26,Out
62,2/17/2014 12:28,In
62,2/17/2014 18:55,Out
62,2/17/2014 19:23,In
62,2/17/2014 21:56,Out
62,2/18/2014 7:43,In
62,2/18/2014 11:25,In
62,2/18/2014 12:28,In
62,2/18/2014 18:27,Out
62,2/18/2014 18:57,In
62,2/18/2014 21:56,Out
62,2/19/2014 7:42,In
62,2/19/2014 11:25,Out
62,2/19/2014 12:26,In
62,2/19/2014 18:28,Out
62,2/19/2014 18:57,In
62,2/19/2014 21:56,Out
62,2/20/2014 8:05,In
62,2/20/2014 11:26,Out
62,2/20/2014 12:26,In
62,2/20/2014 18:26,Out
62,2/20/2014 18:57,In
62,2/20/2014 21:57,Out
62,2/21/2014 7:21,In
62,2/21/2014 11:26,Out
62,2/21/2014 12:25,In
62,2/21/2014 18:26,Out
62,2/21/2014 19:02,In
62,2/21/2014 21:57,Out
62,2/22/2014 8:17,In
62,2/22/2014 11:26,Out
62,2/22/2014 12:27,In
62,2/22/2014 18:25,Out
62,2/22/2014 18:56,In
62,2/22/2014 18:57,In
62,2/22/2014 20:55,Out
62,2/23/2014 7:21,In
62,2/23/2014 11:25,Out
62,2/23/2014 12:26,In
62,2/23/2014 15:58,Out
62,2/24/2014 7:20,In
62,2/24/2014 11:26,Out
62,2/24/2014 12:21,In
62,2/24/2014 18:56,Out
62,2/24/2014 19:25,In
62,2/24/2014 21:55,Out
62,2/25/2014 8:13,In
62,2/25/2014 11:25,Out
62,2/25/2014 12:25,In
62,2/25/2014 18:25,Out
62,2/25/2014 18:57,In
62,2/25/2014 21:56,Out
62,2/26/2014 8:26,In
62,2/26/2014 11:25,Out
62,2/26/2014 12:27,In
62,2/26/2014 18:25,Out
62,2/26/2014 21:58,Out
62,2/27/2014 8:00,In
62,2/27/2014 11:27,Out
62,2/27/2014 12:23,In
62,2/27/2014 18:25,Out
62,2/27/2014 18:56,In
62,2/27/2014 21:55,Out
62,2/28/2014 7:41,In
62,3/1/2014 7:47,In
62,3/1/2014 11:26,Out
62,3/1/2014 12:26,In
62,3/1/2014 17:59,Out
62,3/2/2014 7:19,In
62,3/2/2014 11:26,Out
62,3/2/2014 12:22,In
62,3/2/2014 15:56,Out
64,2/1/2014 7:26,In
64,2/1/2014 11:59,Out
64,2/1/2014 13:01,In
64,2/1/2014 18:06,Out
64,2/2/2014 7:25,In
64,2/2/2014 11:30,Out
64,2/2/2014 12:28,In
64,2/2/2014 16:03,Out
64,2/3/2014 11:30,Out
64,2/3/2014 12:30,In
64,2/3/2014 19:01,Out
64,2/3/2014 19:14,In
64,2/3/2014 22:02,Out
64,2/4/2014 7:23,In
64,2/4/2014 11:32,Out
64,2/4/2014 12:27,In
64,2/4/2014 18:30,Out
64,2/4/2014 19:02,In
64,2/4/2014 22:19,Out
64,2/5/2014 7:26,In
64,2/5/2014 11:30,Out
64,2/5/2014 12:28,In
64,2/5/2014 18:30,Out
64,2/5/2014 19:01,In
64,2/5/2014 21:59,In
64,2/5/2014 22:00,Out
64,2/6/2014 7:25,In
64,2/6/2014 11:30,Out
64,2/6/2014 12:26,In
64,2/6/2014 18:31,Out
64,2/6/2014 19:02,In
64,2/7/2014 11:30,Out
64,2/7/2014 12:29,In
64,2/7/2014 18:29,Out
64,2/7/2014 19:02,In
64,2/7/2014 22:03,Out
64,2/8/2014 7:41,In
64,2/8/2014 11:31,Out
64,2/8/2014 12:27,In
64,2/8/2014 18:28,Out
64,2/9/2014 7:25,In
64,2/9/2014 11:29,Out
64,2/9/2014 12:28,In
64,2/9/2014 16:05,Out
64,2/10/2014 11:31,Out
64,2/10/2014 12:28,In
64,2/10/2014 18:30,Out
64,2/10/2014 19:02,In
64,2/10/2014 21:58,Out
64,2/11/2014 7:26,In
64,2/11/2014 12:27,In
64,2/11/2014 18:29,Out
64,2/11/2014 19:00,In
64,2/11/2014 22:01,Out
64,2/12/2014 7:31,In
64,2/12/2014 11:29,Out
64,2/12/2014 12:28,In
64,2/12/2014 18:30,Out
64,2/12/2014 19:01,In
64,2/12/2014 22:01,Out
64,2/13/2014 7:27,In
64,2/13/2014 11:30,Out
64,2/13/2014 12:28,In
64,2/13/2014 18:31,Out
64,2/13/2014 19:02,In
64,2/13/2014 22:02,Out
64,2/14/2014 7:39,In
64,2/14/2014 11:29,Out
64,2/14/2014 12:30,In
64,2/14/2014 18:31,Out
64,2/14/2014 19:03,In
64,2/14/2014 22:02,Out
64,2/15/2014 7:25,In
64,2/15/2014 11:31,Out
64,2/15/2014 12:28,In
64,2/15/2014 18:31,Out
64,2/15/2014 19:02,In
64,2/15/2014 21:00,Out
64,2/16/2014 7:24,In
64,2/16/2014 11:30,Out
64,2/16/2014 12:29,In
64,2/16/2014 16:03,Out
64,2/17/2014 11:25,Out
64,2/17/2014 12:27,In
64,2/17/2014 18:54,Out
64,2/17/2014 19:23,In
64,2/17/2014 21:55,Out
64,2/18/2014 7:18,In
64,2/18/2014 11:25,Out
64,2/18/2014 12:26,In
64,2/18/2014 18:27,Out
64,2/18/2014 18:57,In
64,2/18/2014 21:55,Out
64,2/19/2014 7:20,In
64,2/19/2014 11:25,Out
64,2/19/2014 12:22,In
64,2/19/2014 18:26,Out
64,2/19/2014 18:56,In
64,2/19/2014 21:55,Out
64,2/20/2014 7:22,In
64,2/20/2014 11:25,Out
64,2/20/2014 12:23,In
64,2/20/2014 18:25,Out
64,2/20/2014 18:57,In
64,2/20/2014 21:56,Out
64,2/21/2014 7:21,In
64,2/21/2014 11:25,Out
64,2/21/2014 12:24,In
64,2/21/2014 18:25,Out
64,2/21/2014 18:56,In
64,2/21/2014 21:56,Out
64,2/22/2014 7:22,In
64,2/22/2014 11:25,Out
64,2/22/2014 12:24,In
64,2/22/2014 18:25,Out
64,2/22/2014 18:57,In
64,2/22/2014 20:54,Out
64,2/23/2014 7:24,In
64,2/23/2014 11:25,Out
64,2/23/2014 12:23,In
64,2/23/2014 15:58,Out
64,2/24/2014 7:21,In
64,2/24/2014 11:25,Out
64,2/24/2014 12:19,In
64,2/24/2014 18:55,Out
64,2/24/2014 19:21,In
64,2/24/2014 21:55,Out
64,2/25/2014 7:23,In
64,2/25/2014 11:25,Out
64,2/25/2014 12:23,In
64,2/25/2014 18:25,Out
64,2/25/2014 18:56,In
64,2/25/2014 21:55,Out
64,2/26/2014 7:24,In
64,2/26/2014 11:24,Out
64,2/26/2014 12:25,In
64,2/26/2014 18:25,Out
64,2/26/2014 18:57,In
64,2/26/2014 21:57,Out
64,2/27/2014 7:22,In
64,2/27/2014 11:24,Out
64,2/27/2014 12:20,In
64,2/27/2014 18:24,Out
64,2/27/2014 18:55,In
64,2/27/2014 21:53,Out
64,2/28/2014 7:21,In
64,3/1/2014 7:23,In
64,3/1/2014 11:25,Out
64,3/1/2014 12:24,In
64,3/1/2014 18:00,Out
64,3/2/2014 7:21,In
64,3/2/2014 11:25,Out
64,3/2/2014 12:21,In
64,3/2/2014 15:57,Out
65,2/1/2014 7:41,In
65,2/1/2014 12:03,Out
65,2/1/2014 13:02,In
65,2/1/2014 18:30,Out
65,2/2/2014 7:24,In
65,2/2/2014 11:58,Out
65,2/2/2014 13:02,In
65,2/2/2014 16:11,Out
65,2/3/2014 12:00,Out
65,2/3/2014 13:00,In
65,2/3/2014 19:01,Out
65,2/3/2014 19:23,In
65,2/3/2014 22:01,Out
65,2/4/2014 7:24,In
65,2/4/2014 12:01,Out
65,2/4/2014 13:03,In
65,2/4/2014 18:58,Out
65,2/4/2014 19:29,In
65,2/4/2014 22:00,Out
65,2/5/2014 7:30,In
65,2/5/2014 12:03,Out
65,2/5/2014 12:58,In
65,2/5/2014 18:59,Out
65,2/5/2014 19:25,In
65,2/5/2014 22:02,Out
65,2/6/2014 7:36,In
65,2/6/2014 12:02,Out
65,2/6/2014 13:00,In
65,2/6/2014 19:00,Out
65,2/6/2014 19:22,In
65,2/7/2014 12:00,Out
65,2/7/2014 13:03,In
65,2/7/2014 19:07,Out
65,2/7/2014 19:25,In
65,2/7/2014 22:04,Out
65,2/8/2014 7:27,In
65,2/8/2014 12:00,Out
65,2/8/2014 13:01,In
65,2/8/2014 18:31,Out
65,2/9/2014 7:25,In
65,2/9/2014 12:01,Out
65,2/9/2014 13:00,In
65,2/9/2014 16:12,Out
65,2/10/2014 12:00,Out
65,2/10/2014 13:02,In
65,2/10/2014 18:58,Out
65,2/10/2014 19:19,In
65,2/10/2014 22:00,Out
65,2/11/2014 7:26,In
65,2/11/2014 12:05,Out
65,2/11/2014 13:01,Out
65,2/11/2014 13:01,In
65,2/11/2014 19:01,Out
65,2/11/2014 19:24,In
65,2/11/2014 22:00,Out
65,2/12/2014 7:26,In
65,2/12/2014 12:02,Out
65,2/12/2014 12:59,In
65,2/12/2014 19:08,Out
65,2/12/2014 19:22,In
65,2/12/2014 22:02,Out
65,2/13/2014 7:31,In
65,2/13/2014 11:59,Out
65,2/13/2014 13:03,In
65,2/13/2014 18:59,Out
65,2/13/2014 19:23,In
65,2/13/2014 21:59,Out
65,2/14/2014 7:31,In
65,2/14/2014 12:00,Out
65,2/14/2014 13:02,In
65,2/14/2014 18:59,Out
65,2/14/2014 19:26,In
65,2/14/2014 22:02,Out
65,2/15/2014 7:26,In
65,2/15/2014 11:59,Out
65,2/15/2014 13:02,In
65,2/15/2014 19:01,Out
65,2/15/2014 19:26,In
65,2/15/2014 21:02,Out
65,2/16/2014 7:25,In
65,2/16/2014 11:59,Out
65,2/16/2014 13:02,In
65,2/16/2014 16:08,Out
65,2/17/2014 11:59,Out
65,2/17/2014 12:57,In
65,2/17/2014 19:01,Out
65,2/17/2014 19:22,In
65,2/17/2014 21:56,Out
65,2/18/2014 7:17,In
65,2/18/2014 11:55,Out
65,2/18/2014 12:54,In
65,2/18/2014 12:54,In
65,2/18/2014 18:57,Out
65,2/18/2014 19:16,In
65,2/18/2014 21:53,Out
65,2/19/2014 7:20,In
65,2/19/2014 11:55,Out
65,2/19/2014 12:54,In
65,2/19/2014 18:56,Out
65,2/19/2014 19:15,In
65,2/19/2014 21:54,Out
65,2/20/2014 7:23,In
65,2/20/2014 11:55,Out
65,2/20/2014 12:55,In
65,2/20/2014 18:57,Out
65,2/20/2014 19:12,In
65,2/20/2014 21:54,Out
65,2/21/2014 7:24,In
65,2/21/2014 11:58,Out
65,2/21/2014 12:57,In
65,2/21/2014 18:54,Out
65,2/21/2014 19:13,In
65,2/21/2014 21:56,Out
65,2/22/2014 7:22,In
65,2/22/2014 11:56,Out
65,2/22/2014 12:56,In
65,2/22/2014 18:56,Out
65,2/22/2014 19:23,In
65,2/22/2014 20:53,Out
65,2/23/2014 7:21,In
65,2/23/2014 11:55,Out
65,2/23/2014 12:55,In
65,2/23/2014 15:53,Out
65,2/24/2014 7:20,In
65,2/24/2014 11:58,Out
65,2/24/2014 12:55,In
65,2/24/2014 19:02,Out
65,2/24/2014 19:18,In
65,2/24/2014 21:55,Out
65,2/25/2014 7:23,In
65,2/25/2014 11:56,Out
65,2/25/2014 12:55,In
65,2/25/2014 18:56,Out
65,2/25/2014 19:18,In
65,2/25/2014 21:58,Out
65,2/26/2014 7:44,In
65,2/26/2014 11:56,Out
65,2/26/2014 12:57,In
65,2/26/2014 18:56,Out
65,2/26/2014 19:11,In
65,2/26/2014 21:55,Out
65,2/27/2014 7:22,In
65,2/27/2014 11:53,Out
65,2/27/2014 12:57,In
65,2/27/2014 18:56,Out
65,2/27/2014 19:21,In
65,2/27/2014 21:56,Out
65,2/28/2014 7:22,In
65,3/1/2014 7:22,In
65,3/1/2014 11:56,Out
65,3/1/2014 12:57,In
65,3/1/2014 18:26,Out
65,3/2/2014 7:20,In
65,3/2/2014 11:54,Out
65,3/2/2014 12:57,In
65,3/2/2014 15:56,Out
72,2/1/2014 12:02,Out
72,2/1/2014 13:01,In
72,2/1/2014 18:06,Out
72,2/2/2014 7:24,In
72,2/2/2014 12:00,Out
72,2/2/2014 13:00,In
72,2/2/2014 16:03,Out
72,2/3/2014 12:02,Out
72,2/3/2014 13:00,In
72,2/3/2014 19:01,Out
72,2/3/2014 19:35,In
72,2/3/2014 22:02,Out
72,2/4/2014 7:23,In
72,2/4/2014 7:24,In
72,2/4/2014 12:01,Out
72,2/4/2014 13:00,In
72,2/4/2014 19:00,Out
72,2/4/2014 19:27,In
72,2/4/2014 22:02,Out
72,2/5/2014 7:26,In
72,2/5/2014 12:00,Out
72,2/5/2014 12:57,In
72,2/5/2014 19:01,Out
72,2/5/2014 19:25,In
72,2/5/2014 21:59,Out
72,2/6/2014 7:26,In
72,2/6/2014 12:01,Out
72,2/6/2014 13:00,In
72,2/6/2014 19:01,Out
72,2/7/2014 12:08,Out
72,2/7/2014 13:00,In
72,2/7/2014 19:03,Out
72,2/7/2014 19:24,In
72,2/7/2014 22:03,Out
72,2/8/2014 7:41,In
72,2/8/2014 12:00,Out
72,2/8/2014 13:00,In
72,2/8/2014 18:40,Out
72,2/9/2014 7:23,In
72,2/9/2014 12:00,Out
72,2/9/2014 13:00,In
72,2/9/2014 16:05,Out
72,2/10/2014 12:03,In
72,2/10/2014 12:03,Out
72,2/10/2014 13:00,In
72,2/10/2014 19:02,Out
72,2/11/2014 7:25,In
72,2/11/2014 12:01,Out
72,2/11/2014 12:59,In
72,2/11/2014 19:01,Out
72,2/11/2014 19:23,In
72,2/11/2014 22:00,Out
72,2/12/2014 7:31,In
72,2/12/2014 12:02,Out
72,2/12/2014 13:00,In
72,2/12/2014 19:01,Out
72,2/12/2014 19:24,In
72,2/12/2014 22:00,Out
72,2/13/2014 7:27,In
72,2/13/2014 12:03,In
72,2/13/2014 13:00,In
72,2/13/2014 19:01,Out
72,2/13/2014 19:20,In
72,2/13/2014 22:02,Out
72,2/14/2014 7:26,In
72,2/14/2014 12:00,Out
72,2/14/2014 13:00,In
72,2/14/2014 19:03,Out
72,2/14/2014 19:24,In
72,2/14/2014 22:02,Out
72,2/15/2014 7:24,In
72,2/15/2014 12:00,Out
72,2/15/2014 13:01,In
72,2/15/2014 19:00,Out
72,2/15/2014 19:24,In
72,2/15/2014 20:59,Out
72,2/16/2014 7:24,In
72,2/16/2014 12:02,Out
72,2/16/2014 12:59,In
72,2/16/2014 16:03,Out
72,2/17/2014 11:56,In
72,2/17/2014 12:54,In
72,2/17/2014 18:56,Out
72,2/17/2014 19:20,In
72,2/17/2014 21:55,Out
72,2/18/2014 7:18,In
72,2/18/2014 11:58,Out
72,2/18/2014 12:54,In
72,2/18/2014 18:56,Out
72,2/18/2014 19:23,In
72,2/18/2014 21:55,Out
72,2/19/2014 7:21,In
72,2/19/2014 11:54,Out
72,2/19/2014 12:53,In
72,2/19/2014 18:55,Out
72,2/19/2014 19:17,In
72,2/19/2014 21:55,In
72,2/19/2014 21:55,Out
72,2/20/2014 7:21,In
72,2/20/2014 11:55,Out
72,2/20/2014 12:55,In
72,2/20/2014 18:56,Out
72,2/20/2014 19:18,In
72,2/20/2014 21:56,Out
72,2/21/2014 7:20,In
72,2/21/2014 11:57,Out
72,2/21/2014 12:55,In
72,2/21/2014 18:56,Out
72,2/21/2014 19:16,In
72,2/21/2014 21:56,Out
72,2/22/2014 7:22,In
72,2/22/2014 11:55,Out
72,2/22/2014 12:56,In
72,2/22/2014 18:56,Out
72,2/23/2014 7:24,In
72,2/23/2014 11:54,Out
72,2/23/2014 12:54,In
72,2/23/2014 15:58,Out
72,2/24/2014 7:21,In
72,2/24/2014 11:55,Out
72,2/24/2014 12:54,In
72,2/24/2014 18:56,Out
72,2/24/2014 19:21,In
72,2/24/2014 21:56,Out
72,2/25/2014 7:23,In
72,2/25/2014 11:56,Out
72,2/25/2014 12:54,In
72,2/25/2014 18:56,Out
72,2/25/2014 19:19,In
72,2/25/2014 21:57,Out
72,2/26/2014 7:24,In
72,2/26/2014 11:56,Out
72,2/26/2014 12:54,In
72,2/26/2014 18:55,Out
72,2/26/2014 19:15,In
72,2/26/2014 21:56,Out
72,2/27/2014 7:20,In
72,2/27/2014 11:55,In
72,2/27/2014 11:55,Out
74,2/1/2014 12:02,Out
74,2/1/2014 13:02,In
74,2/1/2014 18:10,In
74,2/1/2014 18:10,Out
74,2/2/2014 7:25,In
74,2/2/2014 12:00,Out
74,2/2/2014 13:01,In
74,2/2/2014 16:06,Out
74,2/3/2014 12:00,Out
74,2/3/2014 13:00,In
74,2/3/2014 18:30,Out
74,2/3/2014 19:01,In
74,2/3/2014 22:02,Out
74,2/4/2014 7:23,In
74,2/4/2014 11:59,Out
74,2/4/2014 13:02,Out
74,2/4/2014 18:31,Out
74,2/4/2014 19:02,In
74,2/4/2014 22:19,Out
74,2/5/2014 7:23,In
74,2/5/2014 11:31,Out
74,2/5/2014 12:29,In
74,2/5/2014 18:59,Out
74,2/5/2014 19:29,In
74,2/5/2014 21:59,Out
74,2/6/2014 7:26,In
74,2/6/2014 11:30,Out
74,2/6/2014 12:28,In
74,2/6/2014 18:59,Out
74,2/6/2014 19:24,In
74,2/7/2014 11:32,In
74,2/7/2014 11:32,Out
74,2/7/2014 12:28,In
74,2/7/2014 18:30,Out
74,2/7/2014 19:02,In
74,2/7/2014 22:04,In
74,2/7/2014 22:04,Out
74,2/8/2014 7:25,In
74,2/8/2014 12:02,Out
74,2/8/2014 13:01,In
74,2/8/2014 18:29,Out
74,2/8/2014 19:54,In
74,2/9/2014 7:23,In
74,2/9/2014 12:07,Out
74,2/9/2014 12:28,In
74,2/9/2014 16:05,Out
74,2/10/2014 12:02,Out
74,2/10/2014 12:26,In
74,2/10/2014 19:03,Out
74,2/10/2014 19:20,In
74,2/10/2014 22:02,In
74,2/10/2014 22:02,Out
74,2/12/2014 7:27,In
74,2/12/2014 12:01,In
74,2/12/2014 12:01,Out
74,2/12/2014 12:24,In
74,2/12/2014 19:05,Out
74,2/12/2014 19:26,In
74,2/12/2014 22:00,Out
74,2/12/2014 22:02,Out
74,2/13/2014 7:24,In
74,2/13/2014 12:08,Out
74,2/13/2014 12:29,In
74,2/13/2014 19:01,Out
74,2/13/2014 19:21,In
74,2/13/2014 22:00,Out
74,2/14/2014 7:25,In
74,2/14/2014 12:05,Out
74,2/14/2014 12:27,In
74,2/14/2014 19:03,Out
74,2/14/2014 19:24,In
74,2/14/2014 22:02,Out
74,2/15/2014 7:25,In
74,2/15/2014 11:32,In
74,2/15/2014 12:29,In
74,2/15/2014 18:31,Out
74,2/15/2014 19:02,In
74,2/15/2014 21:00,Out
74,2/16/2014 7:24,In
74,2/16/2014 12:04,Out
74,2/16/2014 12:26,In
74,2/16/2014 16:03,Out
74,2/17/2014 11:58,Out
74,2/17/2014 12:21,In
74,2/17/2014 19:03,Out
74,2/17/2014 19:26,In
74,2/17/2014 21:59,Out
74,2/18/2014 7:19,In
74,2/18/2014 12:03,Out
74,2/18/2014 12:22,In
74,2/18/2014 18:59,Out
74,2/18/2014 19:16,In
74,2/18/2014 21:58,Out
74,2/19/2014 7:19,In
74,2/19/2014 11:57,In
74,2/19/2014 12:19,In
74,2/19/2014 19:04,Out
74,2/19/2014 19:23,In
74,2/19/2014 21:56,In
74,2/20/2014 7:21,In
74,2/20/2014 12:02,Out
74,2/20/2014 12:23,In
74,2/20/2014 18:54,Out
74,2/20/2014 19:20,In
74,2/20/2014 21:56,Out
74,2/21/2014 7:20,In
74,2/21/2014 11:57,Out
74,2/21/2014 12:21,In
74,2/21/2014 19:01,Out
74,2/21/2014 19:23,In
74,2/21/2014 21:57,Out
74,2/22/2014 7:21,In
74,2/22/2014 11:25,In
74,2/22/2014 11:25,Out
74,2/22/2014 12:24,In
74,2/22/2014 18:25,Out
74,2/22/2014 18:57,In
74,2/22/2014 20:54,Out
74,2/23/2014 7:21,In
74,2/23/2014 12:01,Out
74,2/23/2014 12:19,In
74,2/23/2014 15:57,Out
74,2/24/2014 7:20,In
74,2/24/2014 11:57,Out
74,2/24/2014 12:15,In
74,2/24/2014 18:57,Out
74,2/24/2014 19:22,In
74,2/24/2014 21:54,Out
74,2/24/2014 21:54,Out
74,2/25/2014 7:20,In
74,2/25/2014 12:03,Out
74,2/25/2014 12:27,In
74,2/25/2014 18:55,Out
74,2/25/2014 19:18,In
74,2/25/2014 21:55,Out
74,2/26/2014 7:20,In
74,2/26/2014 11:58,Out
74,2/26/2014 12:21,In
74,2/26/2014 18:59,Out
74,2/26/2014 19:21,In
74,2/26/2014 21:57,Out
74,2/27/2014 7:19,In
74,2/27/2014 12:02,Out
74,2/27/2014 12:21,In
74,2/27/2014 19:00,Out
74,2/27/2014 19:22,In
74,2/27/2014 21:56,Out
74,2/28/2014 7:22,In
74,3/1/2014 7:22,In
74,3/1/2014 11:26,Out
74,3/1/2014 12:25,In
74,3/1/2014 18:00,Out
74,3/2/2014 7:19,In
74,3/2/2014 11:57,Out
74,3/2/2014 12:19,In
74,3/2/2014 15:57,Out
77,2/1/2014 7:30,In
77,2/1/2014 12:16,Out
77,2/1/2014 12:39,In
77,2/1/2014 18:05,In
77,2/1/2014 18:05,Out
77,2/2/2014 7:25,In
77,2/2/2014 12:05,Out
77,2/2/2014 12:28,In
77,2/2/2014 16:05,In
77,2/3/2014 12:02,Out
77,2/3/2014 12:28,In
77,2/3/2014 19:06,Out
77,2/3/2014 19:25,In
77,2/3/2014 22:04,Out
77,2/4/2014 7:23,In
77,2/4/2014 12:08,Out
77,2/4/2014 12:29,In
77,2/4/2014 19:08,In
77,2/4/2014 19:28,In
77,2/4/2014 22:19,Out
77,2/5/2014 8:04,In
77,2/5/2014 12:03,Out
77,2/5/2014 12:29,In
77,2/5/2014 19:07,Out
77,2/5/2014 19:33,In
77,2/5/2014 22:02,Out
77,2/6/2014 7:26,In
77,2/6/2014 12:02,Out
77,2/6/2014 12:27,In
77,2/6/2014 19:04,Out
77,2/6/2014 19:27,In
77,2/7/2014 11:32,Out
77,2/7/2014 12:27,In
77,2/7/2014 18:29,Out
77,2/7/2014 19:01,In
77,2/7/2014 22:04,Out
78,2/1/2014 11:59,Out
78,2/1/2014 13:04,In
78,2/1/2014 18:09,Out
78,2/2/2014 7:24,In
78,2/2/2014 12:00,Out
78,2/2/2014 13:01,In
78,2/2/2014 16:06,Out
78,2/3/2014 11:30,Out
78,2/3/2014 12:34,In
78,2/3/2014 18:30,Out
78,2/3/2014 19:01,In
78,2/3/2014 22:03,Out
78,2/4/2014 7:22,In
78,2/4/2014 11:32,Out
78,2/4/2014 12:26,In
78,2/4/2014 18:30,Out
78,2/4/2014 19:02,In
78,2/4/2014 22:02,Out
78,2/5/2014 7:23,In
78,2/5/2014 11:30,Out
78,2/5/2014 12:27,In
78,2/5/2014 18:30,Out
78,2/5/2014 19:03,In
78,2/5/2014 21:59,Out
78,2/6/2014 7:26,In
78,2/6/2014 11:31,Out
78,2/6/2014 12:30,In
78,2/6/2014 18:31,Out
78,2/6/2014 19:02,In
78,2/7/2014 11:30,Out
78,2/7/2014 12:30,In
78,2/7/2014 18:30,Out
78,2/7/2014 19:02,In
78,2/7/2014 22:05,Out
78,2/8/2014 7:29,In
78,2/8/2014 12:02,Out
78,2/8/2014 13:01,In
78,2/8/2014 18:29,Out
78,2/8/2014 19:54,In
78,2/9/2014 7:23,In
78,2/9/2014 11:31,Out
78,2/9/2014 12:29,In
78,2/9/2014 16:06,Out
78,2/11/2014 7:26,In
78,2/11/2014 11:31,In
78,2/11/2014 11:31,Out
78,2/11/2014 12:27,In
78,2/11/2014 18:30,Out
78,2/11/2014 19:00,In
78,2/11/2014 22:03,Out
78,2/12/2014 7:26,In
78,2/12/2014 11:31,Out
78,2/12/2014 12:29,In
78,2/12/2014 18:32,Out
78,2/12/2014 19:00,In
78,2/12/2014 22:03,Out
78,2/13/2014 7:24,In
78,2/13/2014 11:32,Out
78,2/13/2014 12:28,In
78,2/13/2014 18:34,Out
78,2/13/2014 19:01,In
78,2/13/2014 22:00,Out
78,2/14/2014 7:25,In
78,2/14/2014 11:30,Out
78,2/14/2014 12:28,In
78,2/14/2014 18:32,Out
78,2/14/2014 19:02,In
78,2/14/2014 22:02,Out
78,2/15/2014 7:25,In
78,2/15/2014 11:31,Out
78,2/15/2014 12:30,In
78,2/15/2014 18:31,Out
78,2/15/2014 19:02,In
78,2/15/2014 21:01,Out
78,2/16/2014 7:24,In
78,2/16/2014 11:31,Out
78,2/16/2014 12:29,In
78,2/16/2014 16:04,Out
78,2/17/2014 11:26,In
78,2/17/2014 11:26,Out
78,2/17/2014 12:25,In
78,2/17/2014 18:54,Out
78,2/17/2014 19:26,In
78,2/17/2014 21:57,Out
78,2/18/2014 7:20,In
78,2/18/2014 11:25,Out
78,2/18/2014 12:24,In
78,2/18/2014 18:27,Out
78,2/18/2014 18:57,In
78,2/18/2014 21:55,Out
78,2/19/2014 7:19,In
78,2/19/2014 11:26,Out
78,2/19/2014 12:23,In
78,2/19/2014 18:53,Out
78,2/19/2014 19:23,In
78,2/19/2014 21:55,Out
78,2/20/2014 7:21,In
78,2/20/2014 11:27,Out
78,2/20/2014 12:22,In
78,2/20/2014 18:30,Out
78,2/20/2014 18:55,In
78,2/20/2014 21:57,Out
78,2/21/2014 7:20,In
78,2/21/2014 11:28,Out
78,2/21/2014 12:26,In
78,2/21/2014 18:26,Out
78,2/21/2014 18:56,In
78,2/21/2014 21:56,Out
78,2/22/2014 7:20,In
78,2/22/2014 11:25,Out
78,2/22/2014 12:23,In
78,2/22/2014 18:25,Out
78,2/22/2014 18:57,In
78,2/22/2014 20:55,Out
78,2/23/2014 7:20,In
78,2/23/2014 11:24,Out
78,2/23/2014 12:23,In
78,2/23/2014 15:58,Out
78,2/24/2014 7:20,In
78,2/24/2014 11:25,Out
78,2/24/2014 12:19,In
78,2/24/2014 18:56,Out
78,2/24/2014 19:24,In
78,2/24/2014 21:55,Out
78,2/25/2014 7:20,In
78,2/25/2014 11:25,Out
78,2/25/2014 12:23,In
78,2/25/2014 18:25,In
78,2/25/2014 18:25,Out
78,2/25/2014 18:56,In
78,2/26/2014 7:21,In
78,2/26/2014 11:25,In
78,2/26/2014 11:25,Out
78,2/26/2014 12:24,In
78,2/26/2014 18:26,Out
78,2/26/2014 18:56,In
78,2/26/2014 21:58,Out
78,2/27/2014 7:19,In
78,2/27/2014 11:26,In
78,2/27/2014 12:22,In
78,2/27/2014 18:26,Out
78,2/27/2014 19:03,In
78,2/27/2014 21:55,Out
78,2/28/2014 7:22,In
78,3/1/2014 7:22,In
78,3/1/2014 11:25,Out
78,3/1/2014 12:26,In
78,3/1/2014 18:00,In
78,3/1/2014 18:00,Out
78,3/2/2014 7:18,In
78,3/2/2014 11:25,In
78,3/2/2014 11:25,Out
78,3/2/2014 12:22,In
78,3/2/2014 15:57,In
78,3/2/2014 15:57,Out
79,2/1/2014 12:00,In
79,2/1/2014 13:05,In
79,2/2/2014 7:25,In
79,2/2/2014 11:30,Out
79,2/2/2014 13:05,In
79,2/2/2014 16:49,Out
79,2/3/2014 12:00,Out
79,2/4/2014 7:24,In
79,2/4/2014 11:59,Out
79,2/4/2014 13:02,Out
79,2/4/2014 13:02,In
79,2/4/2014 18:30,Out
79,2/4/2014 19:01,In
79,2/4/2014 22:19,Out
79,2/6/2014 16:49,In
79,2/6/2014 18:59,Out
79,2/6/2014 19:24,In
79,2/7/2014 16:18,In
79,2/7/2014 18:31,Out
79,2/7/2014 19:01,In
79,2/7/2014 22:01,Out
79,2/7/2014 22:02,In
79,2/7/2014 22:02,Out
79,2/8/2014 7:25,In
79,2/8/2014 11:31,Out
79,2/8/2014 12:31,In
79,2/8/2014 18:28,Out
79,2/9/2014 7:23,In
79,2/9/2014 11:30,Out
79,2/9/2014 13:02,In
79,2/9/2014 16:07,Out
79,2/10/2014 11:31,Out
79,2/10/2014 12:35,In
79,2/10/2014 18:31,Out
79,2/10/2014 19:03,In
79,2/10/2014 22:00,Out
79,2/11/2014 7:23,In
79,2/11/2014 11:30,Out
79,2/11/2014 12:34,In
79,2/11/2014 18:30,Out
79,2/11/2014 19:03,In
79,2/11/2014 22:02,Out
79,2/12/2014 7:27,In
79,2/12/2014 11:29,Out
79,2/12/2014 12:36,In
79,2/12/2014 18:30,Out
79,2/12/2014 19:04,In
79,2/12/2014 22:02,Out
79,2/13/2014 7:24,In
79,2/13/2014 11:30,Out
79,2/13/2014 16:52,In
79,2/13/2014 18:32,Out
79,2/13/2014 19:04,In
79,2/13/2014 22:01,Out
79,2/14/2014 7:25,In
79,2/14/2014 11:29,Out
79,2/14/2014 12:34,In
79,2/14/2014 18:31,Out
79,2/14/2014 19:02,In
79,2/14/2014 22:01,Out
79,2/15/2014 7:26,In
79,2/15/2014 11:32,Out
79,2/15/2014 12:29,In
79,2/15/2014 18:30,Out
79,2/15/2014 19:02,In
79,2/15/2014 21:00,Out
79,2/16/2014 7:25,In
79,2/16/2014 11:30,Out
79,2/16/2014 12:31,In
79,2/16/2014 16:05,Out
79,2/17/2014 11:25,Out
79,2/17/2014 12:28,In
79,2/17/2014 18:54,Out
79,2/17/2014 19:26,In
79,2/17/2014 21:57,In
79,2/18/2014 10:06,In
79,2/18/2014 11:25,Out
79,2/18/2014 12:31,In
79,2/18/2014 18:27,Out
79,2/18/2014 19:02,In
79,2/18/2014 21:53,Out
79,2/19/2014 7:20,In
79,2/19/2014 11:25,Out
79,2/19/2014 12:25,In
79,2/19/2014 18:26,Out
79,2/19/2014 19:00,In
79,2/19/2014 21:55,Out
79,2/20/2014 7:21,In
79,2/20/2014 11:25,Out
79,2/20/2014 12:25,Out
79,2/20/2014 18:24,Out
79,2/20/2014 18:58,In
79,2/20/2014 21:56,Out
79,2/21/2014 7:21,In
79,2/21/2014 11:25,Out
79,2/21/2014 12:25,In
79,2/21/2014 18:25,Out
79,2/21/2014 18:56,In
79,2/21/2014 21:54,Out
79,2/22/2014 7:21,In
79,2/22/2014 11:25,Out
79,2/22/2014 12:25,In
79,2/22/2014 18:25,Out
79,2/22/2014 18:58,In
79,2/22/2014 20:54,Out
79,2/23/2014 7:21,In
79,2/23/2014 11:24,Out
79,2/23/2014 12:26,In
79,2/23/2014 15:58,Out
79,2/24/2014 7:21,In
79,2/24/2014 11:25,Out
79,2/24/2014 12:21,In
79,2/24/2014 18:56,Out
79,2/24/2014 19:26,In
79,2/24/2014 21:55,Out
79,2/25/2014 7:20,In
79,2/25/2014 11:25,Out
79,2/25/2014 12:25,In
79,2/25/2014 18:25,Out
79,2/25/2014 19:00,In
79,2/25/2014 21:54,Out
79,2/26/2014 7:21,In
79,2/26/2014 11:25,Out
79,2/26/2014 12:27,In
79,2/26/2014 18:25,Out
79,2/26/2014 18:58,In
79,2/26/2014 21:57,Out
79,2/27/2014 7:21,In
79,2/27/2014 11:26,Out
79,2/27/2014 12:25,In
79,2/27/2014 18:24,Out
79,2/27/2014 19:02,In
79,2/27/2014 21:53,Out
79,2/27/2014 21:53,Out
79,2/28/2014 7:22,In
79,3/1/2014 7:22,In
79,3/1/2014 11:25,Out
79,3/1/2014 12:27,In
79,3/1/2014 17:59,Out
79,3/2/2014 7:19,In
79,3/2/2014 11:25,Out
79,3/2/2014 12:24,In
79,3/2/2014 15:56,Out
80,2/1/2014 7:26,In
80,2/1/2014 12:02,Out
80,2/1/2014 13:03,In
80,2/1/2014 18:07,Out
80,2/2/2014 7:25,In
80,2/2/2014 12:00,Out
80,2/2/2014 13:04,In
80,2/2/2014 16:04,Out
80,2/3/2014 12:01,Out
80,2/3/2014 13:05,In
80,2/3/2014 19:00,Out
80,2/4/2014 7:29,In
80,2/4/2014 12:01,Out
80,2/4/2014 13:03,In
80,2/4/2014 20:53,Out
80,2/4/2014 21:09,In
80,2/4/2014 22:11,Out
80,2/5/2014 7:40,In
80,2/5/2014 12:00,Out
80,2/5/2014 12:56,In
80,2/5/2014 18:59,Out
80,2/5/2014 19:24,In
80,2/5/2014 22:01,Out
80,2/6/2014 7:25,In
80,2/6/2014 12:04,Out
80,2/6/2014 13:04,In
80,2/6/2014 19:00,Out
80,2/6/2014 19:23,In
80,2/7/2014 12:01,Out
80,2/7/2014 13:06,In
80,2/7/2014 19:00,Out
80,2/7/2014 19:25,In
80,2/7/2014 22:02,Out
80,2/8/2014 7:24,In
80,2/8/2014 12:01,Out
80,2/8/2014 13:04,In
80,2/8/2014 18:22,Out
80,2/9/2014 7:24,In
80,2/9/2014 12:00,Out
80,2/9/2014 13:00,In
80,2/9/2014 16:04,Out
80,2/10/2014 12:00,Out
80,2/10/2014 13:18,In
80,2/10/2014 19:01,Out
80,2/10/2014 19:26,In
80,2/10/2014 21:58,Out
80,2/11/2014 7:25,In
80,2/11/2014 12:03,Out
80,2/11/2014 13:10,In
80,2/11/2014 19:00,Out
80,2/11/2014 19:28,In
80,2/11/2014 22:00,Out
80,2/12/2014 7:28,In
80,2/12/2014 12:01,Out
80,2/12/2014 13:00,In
80,2/12/2014 19:00,Out
80,2/12/2014 19:27,In
80,2/12/2014 22:01,Out
80,2/13/2014 7:27,In
80,2/13/2014 12:01,Out
80,2/13/2014 13:01,In
80,2/13/2014 19:00,Out
80,2/13/2014 19:22,In
80,2/13/2014 22:01,Out
80,2/14/2014 7:27,In
80,2/14/2014 12:00,Out
80,2/14/2014 13:01,In
80,2/14/2014 22:00,Out
80,2/15/2014 7:26,In
80,2/15/2014 12:00,Out
80,2/15/2014 13:04,In
80,2/15/2014 19:00,Out
80,2/15/2014 19:26,In
80,2/15/2014 21:00,Out
80,2/16/2014 7:25,In
80,2/16/2014 12:02,Out
80,2/16/2014 13:04,In
80,2/16/2014 16:05,Out
80,2/17/2014 11:55,Out
80,2/17/2014 12:52,In
80,2/17/2014 18:56,Out
80,2/17/2014 19:22,In
80,2/17/2014 21:55,Out
80,2/18/2014 7:18,In
80,2/18/2014 11:55,Out
80,2/18/2014 12:54,In
80,2/18/2014 18:55,Out
80,2/18/2014 19:23,In
80,2/18/2014 21:54,Out
80,2/19/2014 7:20,In
80,2/19/2014 11:55,Out
80,2/19/2014 12:53,In
80,2/19/2014 18:55,Out
80,2/19/2014 19:21,In
80,2/19/2014 21:55,Out
80,2/20/2014 7:23,In
80,2/20/2014 11:56,Out
80,2/20/2014 12:57,In
80,2/20/2014 18:56,Out
80,2/20/2014 19:19,In
80,2/20/2014 21:55,In
80,2/20/2014 21:55,Out
80,2/21/2014 7:23,In
80,2/21/2014 11:56,Out
80,2/21/2014 12:57,In
80,2/21/2014 18:54,In
80,2/21/2014 18:54,Out
80,2/21/2014 19:21,In
80,2/21/2014 21:56,Out
80,2/22/2014 7:23,In
80,2/22/2014 11:55,In
80,2/22/2014 11:55,Out
80,2/22/2014 12:55,In
80,2/22/2014 18:54,Out
80,2/22/2014 19:24,In
80,2/22/2014 20:55,Out
80,2/23/2014 7:21,In
80,2/23/2014 11:54,Out
80,2/23/2014 12:55,In
80,2/23/2014 15:58,Out
80,2/24/2014 7:23,In
80,2/24/2014 11:55,Out
80,2/24/2014 12:53,In
80,2/24/2014 18:55,Out
80,2/24/2014 19:22,In
80,2/24/2014 21:55,Out
80,2/25/2014 7:22,In
80,2/25/2014 11:55,Out
80,2/25/2014 13:00,In
80,2/25/2014 18:54,Out
80,2/25/2014 19:21,In
80,2/25/2014 21:55,Out
80,2/26/2014 7:22,In
80,2/26/2014 11:55,Out
80,2/26/2014 12:56,In
80,2/26/2014 18:55,Out
80,2/27/2014 7:22,In
80,2/27/2014 11:54,Out
80,2/27/2014 12:57,In
80,2/27/2014 18:57,Out
80,2/27/2014 19:20,In
80,2/27/2014 21:53,Out
80,2/28/2014 7:31,In
80,3/1/2014 7:34,In
80,3/1/2014 11:55,Out
80,3/1/2014 13:11,In
80,3/1/2014 18:02,Out
80,3/2/2014 7:24,In
80,3/2/2014 11:55,Out
80,3/2/2014 13:09,In
80,3/2/2014 15:57,Out
81,2/1/2014 12:01,Out
81,2/1/2014 13:04,In
81,2/1/2014 18:07,Out
81,2/2/2014 7:31,In
81,2/3/2014 11:59,Out
81,2/3/2014 13:00,In
81,2/3/2014 18:59,Out
81,2/3/2014 19:28,In
81,2/3/2014 22:01,Out
81,2/4/2014 7:39,In
81,2/4/2014 12:01,Out
81,2/4/2014 13:02,Out
81,2/5/2014 7:29,In
81,2/5/2014 12:00,Out
81,2/5/2014 12:56,In
81,2/5/2014 19:00,Out
81,2/5/2014 19:28,In
81,2/5/2014 22:01,Out
81,2/6/2014 7:26,In
81,2/6/2014 12:02,Out
81,2/6/2014 13:04,In
81,2/6/2014 19:01,Out
81,2/6/2014 19:27,In
81,2/7/2014 12:01,Out
81,2/7/2014 13:06,In
81,2/7/2014 18:59,Out
81,2/7/2014 19:30,In
81,2/7/2014 22:04,Out
81,2/8/2014 7:24,In
81,2/8/2014 12:02,Out
81,2/8/2014 13:03,In
81,2/10/2014 12:01,Out
81,2/10/2014 13:18,In
81,2/10/2014 19:01,Out
81,2/10/2014 19:27,In
81,2/10/2014 22:00,Out
81,2/11/2014 7:29,In
81,2/11/2014 12:03,Out
81,2/11/2014 12:26,In
81,2/11/2014 19:05,Out
81,2/11/2014 19:28,In
81,2/11/2014 22:02,Out
81,2/12/2014 7:24,In
81,2/12/2014 12:01,Out
81,2/12/2014 12:27,In
81,2/12/2014 19:04,In
81,2/12/2014 19:04,Out
81,2/12/2014 19:26,In
81,2/12/2014 22:02,Out
81,2/13/2014 7:25,In
81,2/13/2014 12:07,Out
81,2/13/2014 12:27,In
81,2/13/2014 19:00,Out
81,2/13/2014 19:21,In
81,2/13/2014 22:00,Out
81,2/14/2014 7:31,In
81,2/14/2014 12:05,Out
81,2/14/2014 12:23,In
81,2/14/2014 19:05,Out
81,2/14/2014 19:21,In
81,2/14/2014 22:01,Out
81,2/15/2014 7:32,In
81,2/15/2014 12:06,Out
81,2/15/2014 12:29,In
81,2/15/2014 19:10,Out
81,2/15/2014 19:29,In
81,2/15/2014 21:02,Out
81,2/16/2014 7:24,In
81,2/16/2014 12:04,Out
81,2/16/2014 12:24,In
81,2/16/2014 16:04,Out
81,2/17/2014 12:02,Out
81,2/17/2014 12:21,In
81,2/17/2014 19:03,Out
81,2/17/2014 19:24,In
81,2/17/2014 21:56,Out
81,2/18/2014 7:17,In
81,2/18/2014 12:03,Out
81,2/18/2014 12:22,In
81,2/18/2014 18:36,Out
81,2/18/2014 18:49,In
81,2/18/2014 21:57,Out
81,2/19/2014 7:21,In
81,2/19/2014 11:57,Out
81,2/19/2014 12:20,In
81,2/19/2014 19:05,Out
81,2/19/2014 19:22,In
81,2/19/2014 21:56,Out
81,2/20/2014 7:22,In
81,2/20/2014 12:02,Out
81,2/20/2014 12:20,In
81,2/20/2014 18:55,Out
81,2/20/2014 19:11,In
81,2/20/2014 21:55,Out
81,2/21/2014 7:23,In
81,2/21/2014 11:57,In
81,2/21/2014 11:57,Out
81,2/21/2014 12:13,In
81,2/21/2014 20:39,Out
81,2/21/2014 20:56,In
81,2/21/2014 21:55,Out
81,2/22/2014 7:25,In
81,2/22/2014 12:02,In
81,2/22/2014 12:02,Out
81,2/22/2014 12:26,In
81,2/22/2014 18:54,Out
81,2/22/2014 19:22,In
81,2/22/2014 20:57,Out
81,2/23/2014 7:24,In
81,2/23/2014 12:01,Out
81,2/23/2014 12:20,In
81,2/23/2014 15:56,Out
81,2/24/2014 7:21,In
81,2/24/2014 11:57,Out
81,2/24/2014 12:15,In
81,2/24/2014 18:57,Out
81,2/24/2014 19:23,In
81,2/24/2014 21:54,Out
81,2/25/2014 7:22,In
81,2/25/2014 12:02,Out
81,2/25/2014 12:18,In
81,2/25/2014 18:43,In
81,2/25/2014 18:43,Out
81,2/25/2014 18:54,In
81,2/25/2014 21:55,Out
81,2/26/2014 7:21,In
81,2/26/2014 11:59,Out
81,2/26/2014 12:18,In
81,2/26/2014 18:59,Out
81,2/26/2014 19:20,In
81,2/26/2014 21:55,Out
81,2/27/2014 7:19,In
81,2/27/2014 12:04,Out
81,2/27/2014 12:18,In
81,2/27/2014 18:59,Out
81,2/27/2014 19:19,In
81,2/27/2014 19:20,Out
81,2/27/2014 19:20,In
81,2/27/2014 21:55,Out
81,2/28/2014 7:38,In
81,3/1/2014 7:35,In
81,3/1/2014 12:02,Out
81,3/1/2014 12:27,In
81,3/1/2014 18:05,Out
81,3/2/2014 7:39,In
81,3/2/2014 11:58,Out
81,3/2/2014 12:17,In
81,3/2/2014 15:58,Out
84,2/1/2014 7:26,In
84,2/1/2014 12:16,Out
84,2/1/2014 12:39,In
84,2/1/2014 18:04,Out
84,2/2/2014 7:23,In
84,2/2/2014 12:06,Out
84,2/2/2014 12:24,In
84,2/2/2014 16:04,In
84,2/3/2014 12:02,Out
84,2/3/2014 12:24,In
84,2/3/2014 19:06,In
84,2/3/2014 19:25,In
84,2/3/2014 22:03,In
84,2/3/2014 22:04,Out
84,2/4/2014 7:27,In
84,2/4/2014 12:09,Out
84,2/4/2014 12:26,In
84,2/4/2014 20:53,Out
84,2/4/2014 21:08,In
84,2/4/2014 22:01,In
84,2/4/2014 22:02,Out
84,2/5/2014 7:23,In
84,2/5/2014 12:12,Out
84,2/5/2014 12:27,In
84,2/5/2014 19:08,Out
84,2/5/2014 19:08,Out
84,2/5/2014 19:24,In
84,2/5/2014 22:02,Out
84,2/6/2014 7:24,In
84,2/6/2014 13:14,Out
84,2/6/2014 13:26,In
84,2/6/2014 19:04,In
84,2/6/2014 19:04,In
84,2/6/2014 19:18,In
84,2/7/2014 12:03,Out
84,2/7/2014 12:24,In
84,2/7/2014 19:04,Out
84,2/7/2014 19:24,In
84,2/7/2014 19:24,In
84,2/7/2014 22:04,Out
84,2/8/2014 12:05,Out
84,2/8/2014 12:32,In
84,2/8/2014 18:26,Out
84,2/9/2014 7:35,In
84,2/9/2014 12:07,Out
84,2/9/2014 12:27,In
84,2/10/2014 12:02,Out
84,2/10/2014 12:25,In
84,2/10/2014 19:04,Out
84,2/10/2014 19:17,In
84,2/10/2014 22:01,Out
84,2/11/2014 7:24,In
84,2/11/2014 7:24,In
84,2/11/2014 12:02,Out
84,2/11/2014 12:24,In
84,2/11/2014 19:05,Out
84,2/11/2014 19:20,In
84,2/11/2014 22:01,In
84,2/11/2014 22:01,Out
84,2/12/2014 7:23,In
84,2/12/2014 12:01,Out
84,2/12/2014 12:24,In
84,2/12/2014 19:03,Out
84,2/12/2014 19:20,In
84,2/12/2014 22:02,Out
84,2/13/2014 7:28,In
84,2/13/2014 12:05,Out
84,2/13/2014 12:24,In
84,2/13/2014 19:01,Out
84,2/13/2014 19:19,In
84,2/13/2014 22:00,Out
84,2/14/2014 7:23,In
84,2/14/2014 12:05,Out
84,2/14/2014 12:23,In
84,2/14/2014 19:43,In
84,2/14/2014 19:44,Out
84,2/14/2014 20:00,In
84,2/14/2014 22:01,Out
84,2/15/2014 12:05,Out
84,2/15/2014 12:29,In
84,2/15/2014 19:10,Out
84,2/15/2014 19:27,In
84,2/15/2014 21:01,Out
84,2/16/2014 8:06,In
84,2/16/2014 12:04,Out
84,2/16/2014 12:24,In
84,2/16/2014 16:06,Out
84,2/17/2014 11:58,Out
84,2/17/2014 12:20,In
84,2/17/2014 19:03,Out
84,2/17/2014 19:24,In
84,2/17/2014 21:56,Out
84,2/18/2014 7:18,In
84,2/18/2014 12:03,Out
84,2/18/2014 12:21,In
84,2/18/2014 18:59,Out
84,2/18/2014 19:16,In
84,2/18/2014 21:57,Out
84,2/19/2014 7:19,In
84,2/19/2014 11:58,In
84,2/19/2014 12:19,In
84,2/19/2014 18:55,Out
84,2/19/2014 19:11,In
84,2/19/2014 21:56,In
84,2/20/2014 7:23,In
84,2/20/2014 12:40,In
84,2/20/2014 18:57,Out
84,2/20/2014 19:11,In
84,2/20/2014 21:56,Out
84,2/21/2014 7:23,In
84,2/21/2014 11:57,Out
84,2/21/2014 12:13,In
84,2/21/2014 20:39,Out
84,2/21/2014 20:52,In
84,2/21/2014 21:55,Out
84,2/22/2014 8:33,In
84,2/22/2014 12:02,Out
84,2/22/2014 12:25,In
84,2/22/2014 18:56,Out
84,2/22/2014 19:15,In
84,2/22/2014 20:58,In
84,2/22/2014 20:58,Out
84,2/23/2014 12:01,Out
84,2/23/2014 12:19,In
84,2/23/2014 15:59,Out
84,2/24/2014 7:46,In
84,2/24/2014 11:57,Out
84,2/24/2014 12:15,In
84,2/24/2014 18:57,Out
84,2/24/2014 19:12,In
84,2/24/2014 21:55,Out
84,2/25/2014 7:31,In
84,2/25/2014 12:03,Out
84,2/25/2014 12:19,In
84,2/25/2014 18:42,In
84,2/25/2014 18:54,In
84,2/25/2014 21:55,Out
84,2/26/2014 12:20,In
84,2/26/2014 19:00,In
84,2/26/2014 19:00,Out
84,2/26/2014 19:15,In
84,2/26/2014 21:56,Out
84,2/27/2014 7:33,In
84,2/27/2014 12:03,Out
84,2/27/2014 12:18,In
84,2/27/2014 18:59,Out
84,2/27/2014 19:18,In
84,2/27/2014 21:55,Out
84,2/28/2014 7:39,In
84,3/1/2014 7:36,In
84,3/1/2014 13:10,Out
84,3/1/2014 13:26,In
84,3/1/2014 18:18,Out
84,3/2/2014 7:30,In
84,3/2/2014 11:58,Out
84,3/2/2014 12:19,In
84,3/2/2014 16:00,Out
84,3/2/2014 17:00,Out
